race_id,year,round_num,event,n_drivers,spearman_model,spearman_baseline,mae_model,mae_baseline,ndcg_model,ndcg_baseline,top3_model,top3_baseline,top5_model,top5_baseline,within2_model,within2_baseline
202206,2022,6,Spanish Grand Prix,20,0.8436090225563909,0.47368421052631576,2.5,4.0,0.9675400483361412,0.8397961585350397,0.3333333333333333,0.3333333333333333,1.0,0.8,0.6,0.4
202208,2022,8,Azerbaijan Grand Prix,20,0.5368421052631579,0.4120300751879699,3.6,4.4,0.9528706081157982,0.8276226931456443,1.0,0.6666666666666666,0.8,0.6,0.55,0.3
202209,2022,9,Canadian Grand Prix,20,0.58796992481203,0.4541353383458646,3.6,4.3,0.961374221044031,0.9401338831093279,0.6666666666666666,0.6666666666666666,0.6,0.6,0.5,0.55
202210,2022,10,British Grand Prix,20,0.6977443609022556,0.5172932330827067,3.4,4.3,0.9633578979809299,0.9616537970551046,0.6666666666666666,0.3333333333333333,0.8,0.8,0.5,0.5
202212,2022,12,French Grand Prix,20,0.7954887218045112,0.4466165413533834,2.5,3.6,0.9827679153477894,0.8439436362186905,0.6666666666666666,0.3333333333333333,1.0,0.6,0.7,0.7
202213,2022,13,Hungarian Grand Prix,20,0.8872180451127819,0.5593984962406015,2.1,4.3,0.982707834816746,0.8874963930308797,0.6666666666666666,0.3333333333333333,0.8,0.4,0.6,0.35
202214,2022,14,Belgian Grand Prix,20,0.9037593984962405,0.2602482320185181,1.8,5.9,0.9815029546951712,0.8572978890807798,0.6666666666666666,0.3333333333333333,1.0,0.6,0.75,0.35
202215,2022,15,Dutch Grand Prix,20,0.9082706766917292,0.7699248120300751,2.1,2.7,0.9768637643994165,0.9763056465936459,0.6666666666666666,0.6666666666666666,1.0,0.8,0.75,0.5
202216,2022,16,Italian Grand Prix,20,0.9443609022556391,0.20300751879699244,1.5,5.7,0.9886487138625677,0.921779555014481,1.0,0.6666666666666666,1.0,0.4,0.85,0.3
202219,2022,19,United States Grand Prix,20,0.8887218045112781,0.16842105263157892,2.0,5.5,0.982027000534615,0.8263039209730536,0.3333333333333333,0.3333333333333333,0.8,0.6,0.7,0.4
202220,2022,20,Mexico City Grand Prix,20,0.7834586466165413,0.8030075187969924,2.6,2.6,0.9571535796203319,0.9848654897373456,0.6666666666666666,0.6666666666666666,0.8,1.0,0.6,0.65
202222,2022,22,Abu Dhabi Grand Prix,20,0.9172932330827066,0.6932330827067669,2.0,3.0,0.9763842655482086,0.9743921674024848,0.6666666666666666,1.0,1.0,0.8,0.7,0.55
202301,2023,1,Bahrain Grand Prix,20,0.819548872180451,0.5097744360902255,2.5,4.2,0.9776671617722522,0.9478323187407202,0.6666666666666666,0.6666666666666666,0.8,0.8,0.55,0.4
202302,2023,2,Saudi Arabian Grand Prix,20,0.8466165413533834,0.5639097744360902,2.4,3.8,0.985973222108346,0.9580214273161233,0.6666666666666666,0.6666666666666666,0.6,0.6,0.55,0.55
202303,2023,3,Australian Grand Prix,20,0.825563909774436,0.15939849624060148,2.6,5.7,0.9765266237684961,0.9005170761433555,0.6666666666666666,0.6666666666666666,0.8,0.6,0.55,0.35
202305,2023,5,Miami Grand Prix,20,0.9398496240601503,0.78796992481203,1.2,2.9,0.9928198207770528,0.9676122931853426,0.6666666666666666,0.6666666666666666,0.8,0.6,0.8,0.5
202307,2023,7,Spanish Grand Prix,20,0.8887218045112781,0.6030075187969924,2.1,3.6,0.988356595526803,0.9424902694777345,0.6666666666666666,0.3333333333333333,0.8,0.6,0.6,0.5
202308,2023,8,Canadian Grand Prix,20,0.8706766917293233,0.5323308270676691,2.2,4.3,0.9862547213440792,0.9490685488032619,1.0,1.0,0.6,0.6,0.65,0.35
202310,2023,10,British Grand Prix,20,0.7834586466165413,0.7353383458646616,3.2,3.0,0.9743851205466122,0.9777755841397563,0.6666666666666666,0.6666666666666666,0.6,0.6,0.4,0.6
202311,2023,11,Hungarian Grand Prix,20,0.8902255639097743,0.6300751879699248,2.2,3.8,0.9779460753649384,0.9544767547109863,0.3333333333333333,0.6666666666666666,0.6,0.8,0.65,0.45
202314,2023,14,Italian Grand Prix,20,0.7834586466165413,0.8556390977443609,3.0,2.4,0.9525019127747426,0.9795471966430628,0.3333333333333333,0.6666666666666666,0.4,1.0,0.5,0.7
202315,2023,15,Singapore Grand Prix,19,0.8105263157894737,0.39473684210526316,2.6315789473684212,4.842105263157895,0.9625151074129886,0.9180160357797975,0.3333333333333333,0.3333333333333333,0.8,0.8,0.6842105263157895,0.3157894736842105
202316,2023,16,Japanese Grand Prix,20,0.9233082706766916,0.7503759398496239,1.8,2.6,0.9837706219678585,0.9769755981233941,0.3333333333333333,1.0,0.6,0.8,0.8,0.6
202319,2023,19,Mexico City Grand Prix,20,0.8586466165413533,0.35187969924812035,2.2,4.9,0.988026663174976,0.8438917153326324,0.6666666666666666,0.3333333333333333,0.8,0.6,0.55,0.35
202321,2023,21,Las Vegas Grand Prix,20,0.8481203007518796,0.2992481203007519,2.6,5.6,0.9712699583216227,0.9310578226130288,0.6666666666666666,0.6666666666666666,0.4,0.4,0.6,0.3
202322,2023,22,Abu Dhabi Grand Prix,20,0.8977443609022555,0.8796992481203006,2.0,2.1,0.9856416048964158,0.9879802676443079,0.6666666666666666,0.6666666666666666,0.8,0.8,0.8,0.6
202401,2024,1,Bahrain Grand Prix,20,0.8390977443609022,0.8857142857142858,2.5,2.3,0.9864902084294142,0.9865871025570419,0.6666666666666666,0.3333333333333333,0.8,1.0,0.7,0.65
202402,2024,2,Saudi Arabian Grand Prix,20,0.9052631578947368,0.831578947368421,1.9,2.5,0.9901372841102469,0.9884558011608119,1.0,1.0,0.6,1.0,0.7,0.7
202403,2024,3,Australian Grand Prix,19,0.7736842105263159,0.4473684210526316,3.1578947368421053,3.8947368421052633,0.97364343307123,0.836924411945475,0.6666666666666666,0.6666666666666666,0.8,0.8,0.47368421052631576,0.5263157894736842
202404,2024,4,Japanese Grand Prix,20,0.77593984962406,0.8601503759398496,3.1,2.2,0.9611801616385305,0.9897596814421095,0.6666666666666666,0.6666666666666666,0.4,0.8,0.4,0.75
202407,2024,7,Emilia Romagna Grand Prix,20,0.7999999999999999,0.8887218045112781,2.8,2.1,0.964776751459646,0.9932152775905401,0.3333333333333333,1.0,0.4,1.0,0.5,0.7
202408,2024,8,Monaco Grand Prix,20,0.8902255639097743,0.9473684210526315,2.2,0.9,0.9764098860295848,0.9974589466239049,0.6666666666666666,1.0,0.6,1.0,0.7,0.85
202410,2024,10,Spanish Grand Prix,20,0.9052631578947368,0.9473684210526315,1.9,1.5,0.9860393746060268,0.9926821246054367,0.3333333333333333,1.0,0.8,1.0,0.65,0.85
202413,2024,13,Hungarian Grand Prix,20,0.9428571428571428,0.8180451127819548,1.5,2.5,0.9721636182177255,0.9817421589901245,0.6666666666666666,0.6666666666666666,0.8,0.8,0.8,0.7
202414,2024,14,Belgian Grand Prix,20,0.9172932330827066,0.7368421052631579,1.8,2.8,0.9648292974585334,0.9546194606794927,0.0,0.6666666666666666,0.8,0.8,0.55,0.6
202415,2024,15,Dutch Grand Prix,20,0.9037593984962405,0.8466165413533834,2.2,2.5,0.9849811617201109,0.986409753824405,0.6666666666666666,0.6666666666666666,0.8,0.6,0.55,0.5
202416,2024,16,Italian Grand Prix,20,0.8345864661654135,0.8781954887218045,2.8,2.1,0.9584658731585004,0.9772356801218736,0.6666666666666666,0.6666666666666666,0.8,0.8,0.55,0.65
202417,2024,17,Azerbaijan Grand Prix,20,0.9308270676691727,0.38646616541353385,1.7,4.4,0.9718293707191479,0.9260148673839946,0.6666666666666666,0.6666666666666666,1.0,0.6,0.7,0.55
202418,2024,18,Singapore Grand Prix,20,0.9127819548872179,0.825563909774436,1.9,2.7,0.9894542887499047,0.9860165364149175,0.6666666666666666,0.6666666666666666,1.0,0.8,0.8,0.45
202420,2024,20,Mexico City Grand Prix,20,0.8270676691729323,0.6075187969924812,2.3,3.7,0.9729754435108973,0.8969009622711841,0.3333333333333333,0.3333333333333333,1.0,0.6,0.65,0.5
202422,2024,22,Las Vegas Grand Prix,20,0.8796992481203006,0.6240601503759398,2.2,3.0,0.9627386444023687,0.9469068060842321,0.3333333333333333,0.6666666666666666,0.8,0.8,0.65,0.65
202424,2024,24,Abu Dhabi Grand Prix,20,0.9022556390977443,0.43909774436090226,2.2,4.2,0.9815800646766002,0.9443420812320704,0.6666666666666666,0.6666666666666666,0.6,0.4,0.55,0.65
202503,2025,3,Japanese Grand Prix,20,0.8962406015037594,0.9639097744360902,2.2,0.9,0.9887975218843926,0.9983446641922464,0.6666666666666666,1.0,1.0,1.0,0.65,0.9
202504,2025,4,Bahrain Grand Prix,20,0.7999999999999999,0.7157894736842104,2.8,3.2,0.9571036807243961,0.9743744616322361,0.3333333333333333,0.6666666666666666,0.8,0.6,0.55,0.5
202505,2025,5,Saudi Arabian Grand Prix,20,0.9398496240601503,0.732330827067669,1.5,2.8,0.9949943674869886,0.9759000826224564,0.6666666666666666,0.6666666666666666,1.0,0.8,0.8,0.7
202507,2025,7,Emilia Romagna Grand Prix,20,0.8661654135338346,0.6977443609022556,2.3,3.6,0.9802783403468007,0.9634418883138399,1.0,0.6666666666666666,0.6,0.6,0.7,0.5
202508,2025,8,Monaco Grand Prix,20,0.7443609022556391,0.7383458646616541,2.6,2.8,0.9799210570083503,0.9822104671301565,1.0,1.0,1.0,0.8,0.6,0.55
202509,2025,9,Spanish Grand Prix,19,0.8157894736842105,0.6087719298245614,2.0,3.263157894736842,0.978838880491395,0.9624848453321792,0.6666666666666666,0.6666666666666666,0.8,0.6,0.7894736842105263,0.5263157894736842
202510,2025,10,Canadian Grand Prix,20,0.7984962406015037,0.6872180451127818,2.9,3.2,0.9766365496752032,0.9789999497550852,0.6666666666666666,0.6666666666666666,0.8,0.8,0.5,0.5
202511,2025,11,Austrian Grand Prix,20,0.8676691729323308,0.6466165413533834,2.2,3.2,0.9737867529783453,0.9777665024674799,0.6666666666666666,1.0,1.0,1.0,0.7,0.6
202514,2025,14,Hungarian Grand Prix,20,0.8706766917293233,0.8481203007518796,2.2,2.3,0.9868415187202725,0.9759894176590627,0.6666666666666666,0.6666666666666666,0.8,1.0,0.65,0.6
202515,2025,15,Dutch Grand Prix,20,0.5639097744360902,0.08421052631578946,4.0,6.0,0.9668391183990633,0.897131771892037,0.6666666666666666,0.6666666666666666,0.8,0.8,0.45,0.3
202516,2025,16,Italian Grand Prix,13,0.8681318681318682,0.6373626373626374,3.8461538461538463,3.3846153846153846,0.9469486260211682,0.9706682267931439,1.0,1.0,1.0,0.8,0.38461538461538464,0.46153846153846156
202517,2025,17,Azerbaijan Grand Prix,20,0.7714285714285714,0.7924812030075187,3.0,2.6,0.9757652737564563,0.9844767723000997,0.6666666666666666,0.6666666666666666,0.6,1.0,0.5,0.55
202518,2025,18,Singapore Grand Prix,20,0.8902255639097743,0.8240601503759398,2.4,2.3,0.9860214962907284,0.9895954702541933,0.6666666666666666,0.6666666666666666,0.6,1.0,0.55,0.65
202520,2025,20,Mexico City Grand Prix,11,0.790909090909091,0.6727272727272727,5.0,3.1818181818181817,0.976034194236846,0.9752872098800558,1.0,1.0,0.6,0.6,0.2727272727272727,0.45454545454545453
202522,2025,22,Las Vegas Grand Prix,20,0.8676691729323308,0.1413533834586466,2.3,5.6,0.988289979587952,0.8136450280380724,0.6666666666666666,0.3333333333333333,0.8,0.6,0.55,0.35
202524,2025,24,Abu Dhabi Grand Prix,11,0.6000000000000001,0.8000000000000002,4.363636363636363,2.4545454545454546,0.9817454274737871,0.9876691443132198,0.6666666666666666,0.6666666666666666,0.8,0.8,0.5454545454545454,0.7272727272727273
