Driver,race_id,year,round_num,event_name,grid_position,finish_position,pred_score,pred_position
VER,202206,2022,6,Spanish Grand Prix,2.0,1.0,8.370850761132452,5.0
PER,202206,2022,6,Spanish Grand Prix,5.0,2.0,5.797571387923499,4.0
RUS,202206,2022,6,Spanish Grand Prix,4.0,3.0,5.195732551876919,2.0
SAI,202206,2022,6,Spanish Grand Prix,3.0,4.0,4.494899316534125,1.0
HAM,202206,2022,6,Spanish Grand Prix,6.0,5.0,5.405433136336054,3.0
BOT,202206,2022,6,Spanish Grand Prix,7.0,6.0,8.484221844414249,6.0
OCO,202206,2022,6,Spanish Grand Prix,12.0,7.0,9.667211250910952,7.0
NOR,202206,2022,6,Spanish Grand Prix,11.0,8.0,10.791609080251822,10.0
ALO,202206,2022,6,Spanish Grand Prix,20.0,9.0,11.014064453459575,12.0
TSU,202206,2022,6,Spanish Grand Prix,13.0,10.0,11.612646713615023,13.0
VET,202206,2022,6,Spanish Grand Prix,16.0,11.0,13.059677589345602,17.0
RIC,202206,2022,6,Spanish Grand Prix,9.0,12.0,9.678181248384968,8.0
GAS,202206,2022,6,Spanish Grand Prix,14.0,13.0,10.974333384228638,11.0
MSC,202206,2022,6,Spanish Grand Prix,10.0,14.0,13.691044582152111,19.0
STR,202206,2022,6,Spanish Grand Prix,17.0,15.0,11.835315305699748,14.0
LAT,202206,2022,6,Spanish Grand Prix,19.0,16.0,12.277635331554734,15.0
MAG,202206,2022,6,Spanish Grand Prix,8.0,17.0,9.927525590048226,9.0
ALB,202206,2022,6,Spanish Grand Prix,18.0,18.0,12.54602495682439,16.0
ZHO,202206,2022,6,Spanish Grand Prix,15.0,19.0,13.282477603717544,18.0
LEC,202206,2022,6,Spanish Grand Prix,1.0,20.0,15.391222334004024,20.0
VER,202208,2022,8,Azerbaijan Grand Prix,3.0,1.0,7.087785043594902,1.0
PER,202208,2022,8,Azerbaijan Grand Prix,2.0,2.0,7.4961183769282345,2.0
RUS,202208,2022,8,Azerbaijan Grand Prix,5.0,3.0,7.54278246862125,3.0
HAM,202208,2022,8,Azerbaijan Grand Prix,7.0,4.0,7.85410588531187,5.0
GAS,202208,2022,8,Azerbaijan Grand Prix,6.0,5.0,10.842032392769314,9.0
VET,202208,2022,8,Azerbaijan Grand Prix,9.0,6.0,11.486022685536014,13.0
ALO,202208,2022,8,Azerbaijan Grand Prix,10.0,7.0,10.247964453386988,7.0
RIC,202208,2022,8,Azerbaijan Grand Prix,12.0,8.0,12.032718845540774,15.0
NOR,202208,2022,8,Azerbaijan Grand Prix,11.0,9.0,10.971719690743303,11.0
OCO,202208,2022,8,Azerbaijan Grand Prix,13.0,10.0,10.324511034460734,8.0
BOT,202208,2022,8,Azerbaijan Grand Prix,15.0,11.0,11.36451760644505,12.0
ALB,202208,2022,8,Azerbaijan Grand Prix,17.0,12.0,12.417763316914474,17.0
TSU,202208,2022,8,Azerbaijan Grand Prix,8.0,13.0,10.913485683219083,10.0
MSC,202208,2022,8,Azerbaijan Grand Prix,20.0,14.0,11.798948931685345,14.0
LAT,202208,2022,8,Azerbaijan Grand Prix,18.0,15.0,12.590257377598926,18.0
STR,202208,2022,8,Azerbaijan Grand Prix,19.0,16.0,13.843747707202809,20.0
MAG,202208,2022,8,Azerbaijan Grand Prix,16.0,17.0,13.180303898647546,19.0
ZHO,202208,2022,8,Azerbaijan Grand Prix,14.0,18.0,12.199456670579028,16.0
LEC,202208,2022,8,Azerbaijan Grand Prix,1.0,19.0,7.900528169014084,6.0
SAI,202208,2022,8,Azerbaijan Grand Prix,4.0,20.0,7.678561248443039,4.0
VER,202209,2022,9,Canadian Grand Prix,1.0,1.0,6.369827836064002,1.0
SAI,202209,2022,9,Canadian Grand Prix,3.0,2.0,9.744784252759164,6.0
HAM,202209,2022,9,Canadian Grand Prix,4.0,3.0,8.632590688734075,2.0
RUS,202209,2022,9,Canadian Grand Prix,8.0,4.0,9.228675398850285,5.0
LEC,202209,2022,9,Canadian Grand Prix,19.0,5.0,15.992580863971707,19.0
OCO,202209,2022,9,Canadian Grand Prix,7.0,6.0,9.093478257057427,4.0
BOT,202209,2022,9,Canadian Grand Prix,11.0,7.0,11.554501269494972,10.0
ZHO,202209,2022,9,Canadian Grand Prix,10.0,8.0,11.911025151865017,13.0
ALO,202209,2022,9,Canadian Grand Prix,2.0,9.0,9.009480953249005,3.0
STR,202209,2022,9,Canadian Grand Prix,17.0,10.0,12.43278977167498,14.0
RIC,202209,2022,9,Canadian Grand Prix,9.0,11.0,11.884037503141695,11.0
VET,202209,2022,9,Canadian Grand Prix,16.0,12.0,11.890856500874126,12.0
ALB,202209,2022,9,Canadian Grand Prix,12.0,13.0,13.381489913507014,16.0
GAS,202209,2022,9,Canadian Grand Prix,15.0,14.0,11.082070380147188,7.0
NOR,202209,2022,9,Canadian Grand Prix,14.0,15.0,11.486449362465024,9.0
LAT,202209,2022,9,Canadian Grand Prix,18.0,16.0,14.45221893046591,17.0
MAG,202209,2022,9,Canadian Grand Prix,5.0,17.0,12.643709904223073,15.0
TSU,202209,2022,9,Canadian Grand Prix,20.0,18.0,15.653277582159623,18.0
MSC,202209,2022,9,Canadian Grand Prix,6.0,19.0,16.071706650436532,20.0
PER,202209,2022,9,Canadian Grand Prix,13.0,20.0,11.148455810621304,8.0
SAI,202210,2022,10,British Grand Prix,1.0,1.0,4.314035958173282,2.0
PER,202210,2022,10,British Grand Prix,4.0,2.0,6.060503050398564,4.0
HAM,202210,2022,10,British Grand Prix,5.0,3.0,5.813028092799222,3.0
LEC,202210,2022,10,British Grand Prix,3.0,4.0,4.0383916182777,1.0
ALO,202210,2022,10,British Grand Prix,7.0,5.0,8.580396271241169,6.0
NOR,202210,2022,10,British Grand Prix,6.0,6.0,14.941340243844019,17.0
VER,202210,2022,10,British Grand Prix,2.0,7.0,6.709599641499793,5.0
MSC,202210,2022,10,British Grand Prix,19.0,8.0,12.982576041948171,11.0
VET,202210,2022,10,British Grand Prix,18.0,9.0,13.638941185445658,15.0
MAG,202210,2022,10,British Grand Prix,17.0,10.0,12.04391106283233,9.0
STR,202210,2022,10,British Grand Prix,20.0,11.0,13.50186478547453,13.0
LAT,202210,2022,10,British Grand Prix,10.0,12.0,13.532810168740504,14.0
RIC,202210,2022,10,British Grand Prix,14.0,13.0,12.385596083739848,10.0
TSU,202210,2022,10,British Grand Prix,13.0,14.0,11.547967900775948,8.0
OCO,202210,2022,10,British Grand Prix,15.0,15.0,13.49818810802702,12.0
GAS,202210,2022,10,British Grand Prix,11.0,16.0,15.75696759728837,20.0
BOT,202210,2022,10,British Grand Prix,12.0,17.0,15.288848846382006,19.0
RUS,202210,2022,10,British Grand Prix,8.0,18.0,11.18625339442671,7.0
ZHO,202210,2022,10,British Grand Prix,9.0,19.0,14.679529483997475,16.0
ALB,202210,2022,10,British Grand Prix,16.0,20.0,15.157944168819785,18.0
VER,202212,2022,12,French Grand Prix,2.0,1.0,5.4129806499053545,1.0
HAM,202212,2022,12,French Grand Prix,4.0,2.0,5.729198003892126,3.0
RUS,202212,2022,12,French Grand Prix,6.0,3.0,6.197869937881255,4.0
PER,202212,2022,12,French Grand Prix,3.0,4.0,5.520791838634025,2.0
SAI,202212,2022,12,French Grand Prix,19.0,5.0,6.5679368214141025,5.0
ALO,202212,2022,12,French Grand Prix,7.0,6.0,9.117099913007255,6.0
NOR,202212,2022,12,French Grand Prix,5.0,7.0,10.748097632812815,9.0
OCO,202212,2022,12,French Grand Prix,10.0,8.0,9.927604184930027,8.0
RIC,202212,2022,12,French Grand Prix,9.0,9.0,11.742998729419904,13.0
STR,202212,2022,12,French Grand Prix,15.0,10.0,12.366741190755409,16.0
VET,202212,2022,12,French Grand Prix,12.0,11.0,11.971171824512387,15.0
GAS,202212,2022,12,French Grand Prix,14.0,12.0,11.583293906637385,11.0
ALB,202212,2022,12,French Grand Prix,13.0,13.0,11.916944282622227,14.0
BOT,202212,2022,12,French Grand Prix,11.0,14.0,11.442670197370294,10.0
MSC,202212,2022,12,French Grand Prix,17.0,15.0,13.091880443721546,17.0
ZHO,202212,2022,12,French Grand Prix,16.0,16.0,11.629575799874816,12.0
LAT,202212,2022,12,French Grand Prix,18.0,17.0,14.67184747985904,19.0
MAG,202212,2022,12,French Grand Prix,20.0,18.0,15.563451421541728,20.0
LEC,202212,2022,12,French Grand Prix,1.0,19.0,9.125475347576074,7.0
TSU,202212,2022,12,French Grand Prix,8.0,20.0,13.858224265031204,18.0
VER,202213,2022,13,Hungarian Grand Prix,10.0,1.0,5.87965787570075,4.0
HAM,202213,2022,13,Hungarian Grand Prix,7.0,2.0,4.924392224301048,1.0
RUS,202213,2022,13,Hungarian Grand Prix,1.0,3.0,4.982296550207454,2.0
SAI,202213,2022,13,Hungarian Grand Prix,2.0,4.0,8.645780224813361,6.0
PER,202213,2022,13,Hungarian Grand Prix,11.0,5.0,8.27066890209991,5.0
LEC,202213,2022,13,Hungarian Grand Prix,3.0,6.0,5.131213801151777,3.0
NOR,202213,2022,13,Hungarian Grand Prix,4.0,7.0,9.58910490738122,9.0
ALO,202213,2022,13,Hungarian Grand Prix,6.0,8.0,8.730276683716207,7.0
OCO,202213,2022,13,Hungarian Grand Prix,5.0,9.0,9.237373560673783,8.0
VET,202213,2022,13,Hungarian Grand Prix,18.0,10.0,13.268503987228971,17.0
STR,202213,2022,13,Hungarian Grand Prix,14.0,11.0,13.227822782729033,16.0
GAS,202213,2022,13,Hungarian Grand Prix,0.0,12.0,11.000153999008106,11.0
ZHO,202213,2022,13,Hungarian Grand Prix,12.0,13.0,10.779191920916793,10.0
MSC,202213,2022,13,Hungarian Grand Prix,15.0,14.0,11.973779684198131,14.0
RIC,202213,2022,13,Hungarian Grand Prix,9.0,15.0,11.568323473300687,12.0
MAG,202213,2022,13,Hungarian Grand Prix,13.0,16.0,11.810524240457804,13.0
ALB,202213,2022,13,Hungarian Grand Prix,17.0,17.0,13.776117038836018,18.0
LAT,202213,2022,13,Hungarian Grand Prix,19.0,18.0,14.00408743687465,19.0
TSU,202213,2022,13,Hungarian Grand Prix,16.0,19.0,12.330568942430027,15.0
BOT,202213,2022,13,Hungarian Grand Prix,8.0,20.0,14.160812589262598,20.0
VER,202214,2022,14,Belgian Grand Prix,14.0,1.0,7.243718943141537,5.0
PER,202214,2022,14,Belgian Grand Prix,2.0,2.0,4.582273343759081,1.0
SAI,202214,2022,14,Belgian Grand Prix,1.0,3.0,6.115457203399533,3.0
RUS,202214,2022,14,Belgian Grand Prix,5.0,4.0,4.759406216798608,2.0
ALO,202214,2022,14,Belgian Grand Prix,3.0,5.0,6.808973939873449,4.0
LEC,202214,2022,14,Belgian Grand Prix,15.0,6.0,7.299086113585035,6.0
OCO,202214,2022,14,Belgian Grand Prix,16.0,7.0,9.969761278977032,7.0
VET,202214,2022,14,Belgian Grand Prix,10.0,8.0,11.331603092771543,11.0
GAS,202214,2022,14,Belgian Grand Prix,0.0,9.0,12.067061456886591,14.0
ALB,202214,2022,14,Belgian Grand Prix,6.0,10.0,11.665501208483487,12.0
STR,202214,2022,14,Belgian Grand Prix,9.0,11.0,10.652505212644902,10.0
NOR,202214,2022,14,Belgian Grand Prix,17.0,12.0,10.60482841828789,9.0
TSU,202214,2022,14,Belgian Grand Prix,0.0,13.0,11.693750613072442,13.0
ZHO,202214,2022,14,Belgian Grand Prix,18.0,14.0,12.944021450120557,16.0
RIC,202214,2022,14,Belgian Grand Prix,7.0,15.0,10.479642480072783,8.0
MAG,202214,2022,14,Belgian Grand Prix,12.0,16.0,12.784697739438474,15.0
MSC,202214,2022,14,Belgian Grand Prix,19.0,17.0,13.682299628383673,18.0
LAT,202214,2022,14,Belgian Grand Prix,11.0,18.0,13.017489521904393,17.0
BOT,202214,2022,14,Belgian Grand Prix,13.0,19.0,15.062569203097373,20.0
HAM,202214,2022,14,Belgian Grand Prix,4.0,20.0,13.707944675629536,19.0
VER,202215,2022,15,Dutch Grand Prix,1.0,1.0,5.518955608077986,5.0
RUS,202215,2022,15,Dutch Grand Prix,6.0,2.0,4.648134375526742,3.0
LEC,202215,2022,15,Dutch Grand Prix,2.0,3.0,4.196940202592059,1.0
HAM,202215,2022,15,Dutch Grand Prix,4.0,4.0,4.31957716519624,2.0
PER,202215,2022,15,Dutch Grand Prix,5.0,5.0,5.241035475027027,4.0
ALO,202215,2022,15,Dutch Grand Prix,13.0,6.0,9.114984836183897,8.0
NOR,202215,2022,15,Dutch Grand Prix,7.0,7.0,10.677063624444264,10.0
SAI,202215,2022,15,Dutch Grand Prix,3.0,8.0,7.02837902436424,6.0
OCO,202215,2022,15,Dutch Grand Prix,12.0,9.0,8.625199140952427,7.0
STR,202215,2022,15,Dutch Grand Prix,10.0,10.0,11.5824357942118,12.0
GAS,202215,2022,15,Dutch Grand Prix,11.0,11.0,9.461148211772384,9.0
ALB,202215,2022,15,Dutch Grand Prix,15.0,12.0,13.534581930140273,17.0
MSC,202215,2022,15,Dutch Grand Prix,8.0,13.0,12.737304558672335,15.0
VET,202215,2022,15,Dutch Grand Prix,19.0,14.0,12.333471865013172,13.0
MAG,202215,2022,15,Dutch Grand Prix,18.0,15.0,13.042473968505881,16.0
ZHO,202215,2022,15,Dutch Grand Prix,14.0,16.0,11.493033179703447,11.0
RIC,202215,2022,15,Dutch Grand Prix,17.0,17.0,12.43827729044353,14.0
LAT,202215,2022,15,Dutch Grand Prix,20.0,18.0,13.762466869563358,18.0
BOT,202215,2022,15,Dutch Grand Prix,16.0,19.0,16.304606365711592,20.0
TSU,202215,2022,15,Dutch Grand Prix,9.0,20.0,16.302279799371735,19.0
VER,202216,2022,16,Italian Grand Prix,7.0,1.0,4.67644818361174,3.0
LEC,202216,2022,16,Italian Grand Prix,1.0,2.0,4.371850707210752,1.0
RUS,202216,2022,16,Italian Grand Prix,2.0,3.0,4.496500823519173,2.0
SAI,202216,2022,16,Italian Grand Prix,18.0,4.0,5.7548821911419745,4.0
HAM,202216,2022,16,Italian Grand Prix,19.0,5.0,6.260631408812128,5.0
PER,202216,2022,16,Italian Grand Prix,13.0,6.0,8.443932901413728,7.0
NOR,202216,2022,16,Italian Grand Prix,3.0,7.0,9.934311808171962,9.0
GAS,202216,2022,16,Italian Grand Prix,5.0,8.0,8.71777206178886,8.0
DEV,202216,2022,16,Italian Grand Prix,8.0,9.0,10.552012915657802,10.0
ZHO,202216,2022,16,Italian Grand Prix,9.0,10.0,11.501734948520914,12.0
OCO,202216,2022,16,Italian Grand Prix,14.0,11.0,8.217944894559546,6.0
MSC,202216,2022,16,Italian Grand Prix,17.0,12.0,13.082507379549464,15.0
BOT,202216,2022,16,Italian Grand Prix,15.0,13.0,11.196199251466847,11.0
TSU,202216,2022,16,Italian Grand Prix,20.0,14.0,11.875793550736596,13.0
LAT,202216,2022,16,Italian Grand Prix,10.0,15.0,14.248180219606462,17.0
MAG,202216,2022,16,Italian Grand Prix,16.0,16.0,12.264455831017688,14.0
RIC,202216,2022,16,Italian Grand Prix,4.0,17.0,14.684274378572866,18.0
STR,202216,2022,16,Italian Grand Prix,12.0,18.0,15.36495082385623,19.0
ALO,202216,2022,16,Italian Grand Prix,6.0,19.0,14.086027505943324,16.0
VET,202216,2022,16,Italian Grand Prix,11.0,20.0,15.3705135882208,20.0
VER,202219,2022,19,United States Grand Prix,2.0,1.0,6.312848872561229,1.0
HAM,202219,2022,19,United States Grand Prix,3.0,2.0,9.711958486458384,6.0
LEC,202219,2022,19,United States Grand Prix,12.0,3.0,8.098406102254817,4.0
PER,202219,2022,19,United States Grand Prix,9.0,4.0,7.045985927936367,2.0
RUS,202219,2022,19,United States Grand Prix,4.0,5.0,7.2322271534557245,3.0
NOR,202219,2022,19,United States Grand Prix,6.0,6.0,12.474836959178004,9.0
ALO,202219,2022,19,United States Grand Prix,14.0,7.0,10.670256814872292,7.0
VET,202219,2022,19,United States Grand Prix,10.0,8.0,12.703898135730702,10.0
MAG,202219,2022,19,United States Grand Prix,13.0,9.0,13.031841231905062,11.0
TSU,202219,2022,19,United States Grand Prix,19.0,10.0,13.49947645200024,14.0
OCO,202219,2022,19,United States Grand Prix,0.0,11.0,9.68394109053903,5.0
ZHO,202219,2022,19,United States Grand Prix,18.0,12.0,13.291648757102083,12.0
ALB,202219,2022,19,United States Grand Prix,8.0,13.0,14.145075054222286,15.0
GAS,202219,2022,19,United States Grand Prix,11.0,14.0,11.930857758793485,8.0
MSC,202219,2022,19,United States Grand Prix,16.0,15.0,14.468752511431072,17.0
RIC,202219,2022,19,United States Grand Prix,15.0,16.0,13.459394682944552,13.0
LAT,202219,2022,19,United States Grand Prix,17.0,17.0,14.40140997207319,16.0
STR,202219,2022,19,United States Grand Prix,5.0,18.0,14.854281462745147,18.0
BOT,202219,2022,19,United States Grand Prix,7.0,19.0,15.729947116490642,19.0
SAI,202219,2022,19,United States Grand Prix,1.0,20.0,16.44673161548466,20.0
VER,202220,2022,20,Mexico City Grand Prix,1.0,1.0,6.065213714609521,3.0
HAM,202220,2022,20,Mexico City Grand Prix,3.0,2.0,5.795839190526585,2.0
PER,202220,2022,20,Mexico City Grand Prix,4.0,3.0,6.5862360031591525,4.0
RUS,202220,2022,20,Mexico City Grand Prix,2.0,4.0,7.133741062535808,6.0
SAI,202220,2022,20,Mexico City Grand Prix,5.0,5.0,7.019967223719561,5.0
LEC,202220,2022,20,Mexico City Grand Prix,7.0,6.0,5.565642627880843,1.0
RIC,202220,2022,20,Mexico City Grand Prix,11.0,7.0,13.679327728294608,17.0
OCO,202220,2022,20,Mexico City Grand Prix,10.0,8.0,9.04300353310761,7.0
NOR,202220,2022,20,Mexico City Grand Prix,8.0,9.0,11.8602141015661,8.0
BOT,202220,2022,20,Mexico City Grand Prix,6.0,10.0,12.890696310618594,14.0
GAS,202220,2022,20,Mexico City Grand Prix,14.0,11.0,13.134829901127377,16.0
ALB,202220,2022,20,Mexico City Grand Prix,17.0,12.0,12.705162833296779,12.0
ZHO,202220,2022,20,Mexico City Grand Prix,12.0,13.0,12.930145309650351,15.0
VET,202220,2022,20,Mexico City Grand Prix,16.0,14.0,12.541275350262787,11.0
STR,202220,2022,20,Mexico City Grand Prix,20.0,15.0,12.466093605504101,10.0
MSC,202220,2022,20,Mexico City Grand Prix,15.0,16.0,12.728393922549525,13.0
MAG,202220,2022,20,Mexico City Grand Prix,19.0,17.0,12.446467276799833,9.0
LAT,202220,2022,20,Mexico City Grand Prix,18.0,18.0,14.164007540916293,18.0
ALO,202220,2022,20,Mexico City Grand Prix,9.0,19.0,14.829779310785348,19.0
TSU,202220,2022,20,Mexico City Grand Prix,13.0,20.0,16.48676257932241,20.0
VER,202222,2022,22,Abu Dhabi Grand Prix,1.0,1.0,5.074251679527273,4.0
LEC,202222,2022,22,Abu Dhabi Grand Prix,3.0,2.0,4.788440176827877,3.0
PER,202222,2022,22,Abu Dhabi Grand Prix,2.0,3.0,3.1982212355810615,1.0
SAI,202222,2022,22,Abu Dhabi Grand Prix,4.0,4.0,5.5764242160448045,5.0
RUS,202222,2022,22,Abu Dhabi Grand Prix,6.0,5.0,4.345123961147365,2.0
NOR,202222,2022,22,Abu Dhabi Grand Prix,7.0,6.0,9.973159066712123,7.0
OCO,202222,2022,22,Abu Dhabi Grand Prix,8.0,7.0,7.940011169235023,6.0
STR,202222,2022,22,Abu Dhabi Grand Prix,14.0,8.0,11.932018221096655,11.0
RIC,202222,2022,22,Abu Dhabi Grand Prix,13.0,9.0,12.004317940325013,12.0
VET,202222,2022,22,Abu Dhabi Grand Prix,9.0,10.0,11.440054800442297,8.0
TSU,202222,2022,22,Abu Dhabi Grand Prix,11.0,11.0,12.990089928298808,14.0
ZHO,202222,2022,22,Abu Dhabi Grand Prix,15.0,12.0,11.56436031880112,10.0
ALB,202222,2022,22,Abu Dhabi Grand Prix,19.0,13.0,13.154019969471399,15.0
GAS,202222,2022,22,Abu Dhabi Grand Prix,17.0,14.0,12.855456507829606,13.0
BOT,202222,2022,22,Abu Dhabi Grand Prix,18.0,15.0,11.443327215121254,9.0
MSC,202222,2022,22,Abu Dhabi Grand Prix,12.0,16.0,14.624661935765763,17.0
MAG,202222,2022,22,Abu Dhabi Grand Prix,16.0,17.0,14.206286885697192,16.0
HAM,202222,2022,22,Abu Dhabi Grand Prix,5.0,18.0,16.108612040588635,19.0
LAT,202222,2022,22,Abu Dhabi Grand Prix,20.0,19.0,16.683613788596233,20.0
ALO,202222,2022,22,Abu Dhabi Grand Prix,10.0,20.0,14.689217415518026,18.0
VER,202301,2023,1,Bahrain Grand Prix,1.0,1.0,2.76169610508603,2.0
PER,202301,2023,1,Bahrain Grand Prix,2.0,2.0,2.539598577920793,1.0
ALO,202301,2023,1,Bahrain Grand Prix,5.0,3.0,9.299845625780485,6.0
SAI,202301,2023,1,Bahrain Grand Prix,4.0,4.0,3.9081478429959122,4.0
HAM,202301,2023,1,Bahrain Grand Prix,7.0,5.0,4.047874609569509,5.0
STR,202301,2023,1,Bahrain Grand Prix,8.0,6.0,10.176290847106362,9.0
RUS,202301,2023,1,Bahrain Grand Prix,6.0,7.0,3.6696549596047827,3.0
BOT,202301,2023,1,Bahrain Grand Prix,12.0,8.0,11.412406109940536,11.0
GAS,202301,2023,1,Bahrain Grand Prix,20.0,9.0,9.894322311407851,8.0
ALB,202301,2023,1,Bahrain Grand Prix,15.0,10.0,12.76574919020763,14.0
TSU,202301,2023,1,Bahrain Grand Prix,14.0,11.0,11.986474836438504,13.0
SAR,202301,2023,1,Bahrain Grand Prix,16.0,12.0,13.317832180318156,16.0
MAG,202301,2023,1,Bahrain Grand Prix,17.0,13.0,13.694058912481287,17.0
DEV,202301,2023,1,Bahrain Grand Prix,19.0,14.0,11.92056485794684,12.0
HUL,202301,2023,1,Bahrain Grand Prix,10.0,15.0,13.231730068308538,15.0
ZHO,202301,2023,1,Bahrain Grand Prix,13.0,16.0,10.85960182636559,10.0
NOR,202301,2023,1,Bahrain Grand Prix,11.0,17.0,9.766295018391794,7.0
OCO,202301,2023,1,Bahrain Grand Prix,9.0,18.0,15.319174103649644,18.0
LEC,202301,2023,1,Bahrain Grand Prix,3.0,19.0,16.7720629749867,20.0
PIA,202301,2023,1,Bahrain Grand Prix,18.0,20.0,16.35106312710158,19.0
PER,202302,2023,2,Saudi Arabian Grand Prix,1.0,1.0,2.402801002641197,1.0
VER,202302,2023,2,Saudi Arabian Grand Prix,15.0,2.0,3.2518342053964164,2.0
ALO,202302,2023,2,Saudi Arabian Grand Prix,2.0,3.0,6.3936485984427955,7.0
RUS,202302,2023,2,Saudi Arabian Grand Prix,3.0,4.0,4.449835991970591,5.0
HAM,202302,2023,2,Saudi Arabian Grand Prix,7.0,5.0,4.690587717595723,6.0
SAI,202302,2023,2,Saudi Arabian Grand Prix,4.0,6.0,3.5866252913590255,3.0
LEC,202302,2023,2,Saudi Arabian Grand Prix,12.0,7.0,4.361786234288717,4.0
OCO,202302,2023,2,Saudi Arabian Grand Prix,6.0,8.0,8.233534221317782,8.0
GAS,202302,2023,2,Saudi Arabian Grand Prix,9.0,9.0,8.779443379937394,9.0
MAG,202302,2023,2,Saudi Arabian Grand Prix,13.0,10.0,13.36706902431711,18.0
TSU,202302,2023,2,Saudi Arabian Grand Prix,16.0,11.0,11.821957073655218,14.0
HUL,202302,2023,2,Saudi Arabian Grand Prix,10.0,12.0,11.841050209019304,15.0
ZHO,202302,2023,2,Saudi Arabian Grand Prix,11.0,13.0,10.65737428340138,11.0
DEV,202302,2023,2,Saudi Arabian Grand Prix,18.0,14.0,12.306216734574125,16.0
PIA,202302,2023,2,Saudi Arabian Grand Prix,8.0,15.0,10.19760947271276,10.0
SAR,202302,2023,2,Saudi Arabian Grand Prix,20.0,16.0,13.067473352403873,17.0
NOR,202302,2023,2,Saudi Arabian Grand Prix,19.0,17.0,11.49813171112421,12.0
BOT,202302,2023,2,Saudi Arabian Grand Prix,14.0,18.0,11.546649494680015,13.0
ALB,202302,2023,2,Saudi Arabian Grand Prix,17.0,19.0,15.879955494707929,20.0
STR,202302,2023,2,Saudi Arabian Grand Prix,5.0,20.0,13.770123606627592,19.0
VER,202303,2023,3,Australian Grand Prix,1.0,1.0,2.992320685437257,1.0
HAM,202303,2023,3,Australian Grand Prix,3.0,2.0,3.8372087397428567,2.0
ALO,202303,2023,3,Australian Grand Prix,4.0,3.0,5.812547808167194,5.0
STR,202303,2023,3,Australian Grand Prix,6.0,4.0,8.892096915515836,6.0
PER,202303,2023,3,Australian Grand Prix,20.0,5.0,4.8050638366945115,4.0
NOR,202303,2023,3,Australian Grand Prix,13.0,6.0,11.521385478881047,9.0
HUL,202303,2023,3,Australian Grand Prix,10.0,7.0,12.92860499442986,12.0
PIA,202303,2023,3,Australian Grand Prix,16.0,8.0,11.35455050513917,7.0
ZHO,202303,2023,3,Australian Grand Prix,17.0,9.0,11.503609351800954,8.0
TSU,202303,2023,3,Australian Grand Prix,12.0,10.0,12.507681634763452,11.0
BOT,202303,2023,3,Australian Grand Prix,19.0,11.0,12.23767572636855,10.0
SAI,202303,2023,3,Australian Grand Prix,5.0,12.0,4.453371737353711,3.0
GAS,202303,2023,3,Australian Grand Prix,9.0,13.0,15.849146548591431,14.0
OCO,202303,2023,3,Australian Grand Prix,11.0,14.0,16.540901404252217,17.0
DEV,202303,2023,3,Australian Grand Prix,15.0,15.0,18.151580632966972,20.0
SAR,202303,2023,3,Australian Grand Prix,18.0,16.0,17.82763044346023,19.0
MAG,202303,2023,3,Australian Grand Prix,14.0,17.0,17.079600477530192,18.0
RUS,202303,2023,3,Australian Grand Prix,2.0,18.0,15.09831451609476,13.0
ALB,202303,2023,3,Australian Grand Prix,8.0,19.0,16.487546562486443,16.0
LEC,202303,2023,3,Australian Grand Prix,7.0,20.0,15.922241202799439,15.0
VER,202305,2023,5,Miami Grand Prix,9.0,1.0,2.524386682134765,1.0
PER,202305,2023,5,Miami Grand Prix,1.0,2.0,2.6515272750148307,2.0
ALO,202305,2023,5,Miami Grand Prix,2.0,3.0,5.157300898839035,7.0
RUS,202305,2023,5,Miami Grand Prix,6.0,4.0,4.466096266318119,4.0
SAI,202305,2023,5,Miami Grand Prix,3.0,5.0,3.9785467747748977,3.0
HAM,202305,2023,5,Miami Grand Prix,13.0,6.0,4.930469370849946,6.0
LEC,202305,2023,5,Miami Grand Prix,7.0,7.0,4.549485786690617,5.0
GAS,202305,2023,5,Miami Grand Prix,5.0,8.0,8.01580774748545,8.0
OCO,202305,2023,5,Miami Grand Prix,8.0,9.0,8.358798469878717,9.0
MAG,202305,2023,5,Miami Grand Prix,4.0,10.0,11.530747343194008,13.0
TSU,202305,2023,5,Miami Grand Prix,17.0,11.0,12.324568299025803,16.0
STR,202305,2023,5,Miami Grand Prix,18.0,12.0,9.757148124193002,10.0
BOT,202305,2023,5,Miami Grand Prix,10.0,13.0,10.999648561821859,12.0
ALB,202305,2023,5,Miami Grand Prix,11.0,14.0,11.71992158927678,14.0
HUL,202305,2023,5,Miami Grand Prix,12.0,15.0,10.67320144912229,11.0
ZHO,202305,2023,5,Miami Grand Prix,14.0,16.0,11.913223428596956,15.0
NOR,202305,2023,5,Miami Grand Prix,16.0,17.0,12.625710015084188,17.0
DEV,202305,2023,5,Miami Grand Prix,15.0,18.0,12.636865096967256,18.0
PIA,202305,2023,5,Miami Grand Prix,19.0,19.0,13.113104332770485,19.0
SAR,202305,2023,5,Miami Grand Prix,20.0,20.0,13.945040415209174,20.0
VER,202307,2023,7,Spanish Grand Prix,1.0,1.0,2.5810365407575455,1.0
HAM,202307,2023,7,Spanish Grand Prix,4.0,2.0,4.043126124000898,3.0
RUS,202307,2023,7,Spanish Grand Prix,12.0,3.0,6.203514179664241,6.0
PER,202307,2023,7,Spanish Grand Prix,11.0,4.0,3.9332647651412547,2.0
SAI,202307,2023,7,Spanish Grand Prix,2.0,5.0,4.33074732040258,4.0
STR,202307,2023,7,Spanish Grand Prix,5.0,6.0,8.402586039563978,9.0
ALO,202307,2023,7,Spanish Grand Prix,8.0,7.0,5.607716125276899,5.0
OCO,202307,2023,7,Spanish Grand Prix,6.0,8.0,8.20666478066491,7.0
ZHO,202307,2023,7,Spanish Grand Prix,13.0,9.0,12.794376541753056,14.0
GAS,202307,2023,7,Spanish Grand Prix,10.0,10.0,8.254415033110348,8.0
LEC,202307,2023,7,Spanish Grand Prix,19.0,11.0,9.894206025307433,10.0
TSU,202307,2023,7,Spanish Grand Prix,15.0,12.0,13.033679013584807,17.0
PIA,202307,2023,7,Spanish Grand Prix,9.0,13.0,12.501369447080117,13.0
DEV,202307,2023,7,Spanish Grand Prix,14.0,14.0,12.857152153504238,15.0
HUL,202307,2023,7,Spanish Grand Prix,7.0,15.0,11.82188100146608,12.0
ALB,202307,2023,7,Spanish Grand Prix,18.0,16.0,14.40923528363115,19.0
NOR,202307,2023,7,Spanish Grand Prix,3.0,17.0,11.66285606619662,11.0
MAG,202307,2023,7,Spanish Grand Prix,17.0,18.0,13.039864137491643,18.0
BOT,202307,2023,7,Spanish Grand Prix,16.0,19.0,12.972504623729936,16.0
SAR,202307,2023,7,Spanish Grand Prix,20.0,20.0,15.185884017985417,20.0
VER,202308,2023,8,Canadian Grand Prix,1.0,1.0,2.802191297058649,1.0
ALO,202308,2023,8,Canadian Grand Prix,2.0,2.0,7.174260411087566,3.0
HAM,202308,2023,8,Canadian Grand Prix,3.0,3.0,4.620397978798273,2.0
LEC,202308,2023,8,Canadian Grand Prix,10.0,4.0,12.40349316306107,11.0
SAI,202308,2023,8,Canadian Grand Prix,11.0,5.0,10.704607883971574,6.0
PER,202308,2023,8,Canadian Grand Prix,12.0,6.0,8.108516393299478,4.0
ALB,202308,2023,8,Canadian Grand Prix,9.0,7.0,13.10099586315084,14.0
OCO,202308,2023,8,Canadian Grand Prix,6.0,8.0,9.89084593042183,5.0
STR,202308,2023,8,Canadian Grand Prix,16.0,9.0,11.93323982564748,8.0
BOT,202308,2023,8,Canadian Grand Prix,14.0,10.0,12.814134153287723,12.0
PIA,202308,2023,8,Canadian Grand Prix,8.0,11.0,11.68275181690317,7.0
GAS,202308,2023,8,Canadian Grand Prix,15.0,12.0,12.151962973673305,9.0
NOR,202308,2023,8,Canadian Grand Prix,7.0,13.0,12.33343429543909,10.0
TSU,202308,2023,8,Canadian Grand Prix,19.0,14.0,12.836833685936353,13.0
HUL,202308,2023,8,Canadian Grand Prix,5.0,15.0,13.351690690628635,15.0
ZHO,202308,2023,8,Canadian Grand Prix,20.0,16.0,13.711502450614656,18.0
MAG,202308,2023,8,Canadian Grand Prix,13.0,17.0,13.377151992077966,16.0
DEV,202308,2023,8,Canadian Grand Prix,17.0,18.0,14.00373914573827,20.0
RUS,202308,2023,8,Canadian Grand Prix,4.0,19.0,13.821930021442547,19.0
SAR,202308,2023,8,Canadian Grand Prix,18.0,20.0,13.412724283103705,17.0
VER,202310,2023,10,British Grand Prix,1.0,1.0,2.20498898159772,1.0
NOR,202310,2023,10,British Grand Prix,2.0,2.0,9.330888120228508,8.0
HAM,202310,2023,10,British Grand Prix,7.0,3.0,3.95288871424817,2.0
PIA,202310,2023,10,British Grand Prix,3.0,4.0,10.232074185211435,9.0
RUS,202310,2023,10,British Grand Prix,6.0,5.0,4.098531981645414,3.0
PER,202310,2023,10,British Grand Prix,15.0,6.0,6.410098619011439,7.0
ALO,202310,2023,10,British Grand Prix,9.0,7.0,5.596766263106359,6.0
ALB,202310,2023,10,British Grand Prix,8.0,8.0,11.345228309412821,11.0
LEC,202310,2023,10,British Grand Prix,4.0,9.0,5.547472202156229,5.0
SAI,202310,2023,10,British Grand Prix,5.0,10.0,4.220867201642675,4.0
SAR,202310,2023,10,British Grand Prix,14.0,11.0,14.390499006026785,18.0
BOT,202310,2023,10,British Grand Prix,20.0,12.0,13.515154383993776,14.0
HUL,202310,2023,10,British Grand Prix,11.0,13.0,14.456184301180969,19.0
STR,202310,2023,10,British Grand Prix,12.0,14.0,10.852309182033878,10.0
ZHO,202310,2023,10,British Grand Prix,17.0,15.0,13.934769415039645,16.0
TSU,202310,2023,10,British Grand Prix,16.0,16.0,13.443113202280204,13.0
DEV,202310,2023,10,British Grand Prix,18.0,17.0,13.08770827369095,12.0
GAS,202310,2023,10,British Grand Prix,10.0,18.0,13.918161915309371,15.0
MAG,202310,2023,10,British Grand Prix,19.0,19.0,15.648985149678506,20.0
OCO,202310,2023,10,British Grand Prix,13.0,20.0,14.145862366109588,17.0
VER,202311,2023,11,Hungarian Grand Prix,2.0,1.0,3.3640654885114287,1.0
NOR,202311,2023,11,Hungarian Grand Prix,3.0,2.0,8.6531415204725,7.0
PER,202311,2023,11,Hungarian Grand Prix,9.0,3.0,7.034405607081267,4.0
HAM,202311,2023,11,Hungarian Grand Prix,1.0,4.0,4.522107470457725,2.0
PIA,202311,2023,11,Hungarian Grand Prix,4.0,5.0,8.803244669694388,8.0
RUS,202311,2023,11,Hungarian Grand Prix,18.0,6.0,10.667213473931225,9.0
LEC,202311,2023,11,Hungarian Grand Prix,6.0,7.0,7.33682896621083,5.0
SAI,202311,2023,11,Hungarian Grand Prix,11.0,8.0,8.197536769977376,6.0
ALO,202311,2023,11,Hungarian Grand Prix,8.0,9.0,6.963975381361164,3.0
STR,202311,2023,11,Hungarian Grand Prix,14.0,10.0,11.478922117108496,10.0
ALB,202311,2023,11,Hungarian Grand Prix,16.0,11.0,13.825217122901762,15.0
BOT,202311,2023,11,Hungarian Grand Prix,7.0,12.0,13.052373999512655,13.0
RIC,202311,2023,11,Hungarian Grand Prix,13.0,13.0,13.234800796179599,14.0
HUL,202311,2023,11,Hungarian Grand Prix,10.0,14.0,12.719386414066703,11.0
TSU,202311,2023,11,Hungarian Grand Prix,17.0,15.0,13.844856138787772,16.0
ZHO,202311,2023,11,Hungarian Grand Prix,5.0,16.0,12.808705775863114,12.0
MAG,202311,2023,11,Hungarian Grand Prix,19.0,17.0,14.34769357390844,18.0
SAR,202311,2023,11,Hungarian Grand Prix,20.0,18.0,16.109779245831913,20.0
OCO,202311,2023,11,Hungarian Grand Prix,12.0,19.0,14.12048634959298,17.0
GAS,202311,2023,11,Hungarian Grand Prix,15.0,20.0,14.351837273864115,19.0
VER,202314,2023,14,Italian Grand Prix,2.0,1.0,6.842451057287744,2.0
PER,202314,2023,14,Italian Grand Prix,5.0,2.0,8.927684706742287,8.0
SAI,202314,2023,14,Italian Grand Prix,1.0,3.0,9.123166862548038,10.0
LEC,202314,2023,14,Italian Grand Prix,3.0,4.0,5.497876872022331,1.0
RUS,202314,2023,14,Italian Grand Prix,4.0,5.0,9.016530849513877,9.0
HAM,202314,2023,14,Italian Grand Prix,8.0,6.0,8.370512274398493,6.0
ALB,202314,2023,14,Italian Grand Prix,6.0,7.0,8.213928079553902,4.0
NOR,202314,2023,14,Italian Grand Prix,9.0,8.0,8.421342339310595,7.0
ALO,202314,2023,14,Italian Grand Prix,10.0,9.0,8.0024653658297,3.0
BOT,202314,2023,14,Italian Grand Prix,14.0,10.0,12.344478954591832,13.0
LAW,202314,2023,14,Italian Grand Prix,12.0,11.0,11.693516665557322,11.0
PIA,202314,2023,14,Italian Grand Prix,7.0,12.0,8.236878429571732,5.0
SAR,202314,2023,14,Italian Grand Prix,15.0,13.0,14.435421370886587,19.0
ZHO,202314,2023,14,Italian Grand Prix,16.0,14.0,12.773431044864067,15.0
GAS,202314,2023,14,Italian Grand Prix,17.0,15.0,12.35264863241991,14.0
STR,202314,2023,14,Italian Grand Prix,20.0,16.0,14.361440694312716,17.0
HUL,202314,2023,14,Italian Grand Prix,13.0,17.0,12.238776596154263,12.0
MAG,202314,2023,14,Italian Grand Prix,19.0,18.0,13.758878446414425,16.0
OCO,202314,2023,14,Italian Grand Prix,18.0,19.0,15.401550576825954,20.0
TSU,202314,2023,14,Italian Grand Prix,11.0,20.0,14.428057427307428,18.0
SAI,202315,2023,15,Singapore Grand Prix,1.0,1.0,4.0081482753831414,2.0
NOR,202315,2023,15,Singapore Grand Prix,4.0,2.0,8.581183153366183,7.0
HAM,202315,2023,15,Singapore Grand Prix,5.0,3.0,4.591120208712491,4.0
LEC,202315,2023,15,Singapore Grand Prix,3.0,4.0,3.9336922773921454,1.0
VER,202315,2023,15,Singapore Grand Prix,11.0,5.0,4.389504760633895,3.0
GAS,202315,2023,15,Singapore Grand Prix,12.0,6.0,12.107511248354013,12.0
PIA,202315,2023,15,Singapore Grand Prix,17.0,7.0,10.69816670132502,8.0
PER,202315,2023,15,Singapore Grand Prix,13.0,8.0,5.163536142786221,5.0
LAW,202315,2023,15,Singapore Grand Prix,10.0,9.0,11.388164708657733,10.0
MAG,202315,2023,15,Singapore Grand Prix,6.0,10.0,13.695253147425438,15.0
ALB,202315,2023,15,Singapore Grand Prix,14.0,11.0,10.823583675379552,9.0
ZHO,202315,2023,15,Singapore Grand Prix,19.0,12.0,12.773452093557566,13.0
HUL,202315,2023,15,Singapore Grand Prix,9.0,13.0,12.03540360887685,11.0
SAR,202315,2023,15,Singapore Grand Prix,18.0,14.0,14.291114177436087,16.0
ALO,202315,2023,15,Singapore Grand Prix,7.0,15.0,7.138660677496608,6.0
RUS,202315,2023,15,Singapore Grand Prix,2.0,16.0,13.407645428286875,14.0
BOT,202315,2023,15,Singapore Grand Prix,16.0,17.0,16.585304297792582,19.0
OCO,202315,2023,15,Singapore Grand Prix,8.0,18.0,14.726750535970034,17.0
TSU,202315,2023,15,Singapore Grand Prix,15.0,19.0,16.310750206146302,18.0
VER,202316,2023,16,Japanese Grand Prix,1.0,1.0,3.775115393630813,1.0
NOR,202316,2023,16,Japanese Grand Prix,3.0,2.0,8.73429436872578,7.0
PIA,202316,2023,16,Japanese Grand Prix,2.0,3.0,8.955693876785084,8.0
LEC,202316,2023,16,Japanese Grand Prix,4.0,4.0,4.41947418676326,2.0
HAM,202316,2023,16,Japanese Grand Prix,7.0,5.0,5.340403740419969,3.0
SAI,202316,2023,16,Japanese Grand Prix,6.0,6.0,5.608531995548375,4.0
RUS,202316,2023,16,Japanese Grand Prix,8.0,7.0,5.774937493571526,5.0
ALO,202316,2023,16,Japanese Grand Prix,10.0,8.0,7.137581366854068,6.0
OCO,202316,2023,16,Japanese Grand Prix,14.0,9.0,10.681669174793202,11.0
GAS,202316,2023,16,Japanese Grand Prix,12.0,10.0,10.111040973219541,9.0
LAW,202316,2023,16,Japanese Grand Prix,11.0,11.0,10.669568969161967,10.0
TSU,202316,2023,16,Japanese Grand Prix,9.0,12.0,12.173229413667208,12.0
ZHO,202316,2023,16,Japanese Grand Prix,19.0,13.0,13.122401596591754,13.0
HUL,202316,2023,16,Japanese Grand Prix,18.0,14.0,13.341478853671594,15.0
MAG,202316,2023,16,Japanese Grand Prix,15.0,15.0,13.189969112036659,14.0
ALB,202316,2023,16,Japanese Grand Prix,13.0,16.0,15.822868545021255,17.0
SAR,202316,2023,16,Japanese Grand Prix,20.0,17.0,17.327351647883233,20.0
STR,202316,2023,16,Japanese Grand Prix,17.0,18.0,16.618567320422006,19.0
PER,202316,2023,16,Japanese Grand Prix,5.0,19.0,13.804555943212865,16.0
BOT,202316,2023,16,Japanese Grand Prix,16.0,20.0,16.54726325094976,18.0
VER,202319,2023,19,Mexico City Grand Prix,3.0,1.0,1.659560730209276,1.0
HAM,202319,2023,19,Mexico City Grand Prix,6.0,2.0,4.082538384478977,2.0
LEC,202319,2023,19,Mexico City Grand Prix,1.0,3.0,5.230918319443424,5.0
SAI,202319,2023,19,Mexico City Grand Prix,2.0,4.0,5.031664146051767,4.0
NOR,202319,2023,19,Mexico City Grand Prix,17.0,5.0,11.58560729512508,9.0
RUS,202319,2023,19,Mexico City Grand Prix,8.0,6.0,4.60758703850148,3.0
RIC,202319,2023,19,Mexico City Grand Prix,4.0,7.0,9.629934237771813,6.0
PIA,202319,2023,19,Mexico City Grand Prix,7.0,8.0,10.028663197999238,8.0
ALB,202319,2023,19,Mexico City Grand Prix,14.0,9.0,12.61634567153419,13.0
OCO,202319,2023,19,Mexico City Grand Prix,15.0,10.0,11.798415507169153,10.0
GAS,202319,2023,19,Mexico City Grand Prix,11.0,11.0,9.698810734836327,7.0
TSU,202319,2023,19,Mexico City Grand Prix,18.0,12.0,13.327876485050936,15.0
HUL,202319,2023,19,Mexico City Grand Prix,12.0,13.0,14.48413723733589,17.0
ZHO,202319,2023,19,Mexico City Grand Prix,10.0,14.0,12.6871751721515,14.0
BOT,202319,2023,19,Mexico City Grand Prix,9.0,15.0,12.009008289106992,11.0
SAR,202319,2023,19,Mexico City Grand Prix,19.0,16.0,17.22337131876821,20.0
STR,202319,2023,19,Mexico City Grand Prix,0.0,17.0,16.04138892194613,18.0
ALO,202319,2023,19,Mexico City Grand Prix,13.0,18.0,14.433774900869224,16.0
MAG,202319,2023,19,Mexico City Grand Prix,16.0,19.0,17.16722131131042,19.0
PER,202319,2023,19,Mexico City Grand Prix,5.0,20.0,12.224569749042338,12.0
VER,202321,2023,21,Las Vegas Grand Prix,2.0,1.0,1.9965652258965332,1.0
LEC,202321,2023,21,Las Vegas Grand Prix,1.0,2.0,4.836257369269188,3.0
PER,202321,2023,21,Las Vegas Grand Prix,11.0,3.0,6.418588241599292,6.0
OCO,202321,2023,21,Las Vegas Grand Prix,16.0,4.0,11.806352090781296,11.0
STR,202321,2023,21,Las Vegas Grand Prix,19.0,5.0,11.562329249603863,10.0
SAI,202321,2023,21,Las Vegas Grand Prix,12.0,6.0,5.241100852480775,4.0
HAM,202321,2023,21,Las Vegas Grand Prix,10.0,7.0,5.653537488479609,5.0
RUS,202321,2023,21,Las Vegas Grand Prix,3.0,8.0,4.448836992928385,2.0
ALO,202321,2023,21,Las Vegas Grand Prix,9.0,9.0,8.399245584750746,7.0
PIA,202321,2023,21,Las Vegas Grand Prix,18.0,10.0,12.12964213106154,13.0
GAS,202321,2023,21,Las Vegas Grand Prix,4.0,11.0,8.664772303755065,8.0
ALB,202321,2023,21,Las Vegas Grand Prix,5.0,12.0,10.602988333310774,9.0
MAG,202321,2023,21,Las Vegas Grand Prix,8.0,13.0,12.27055606687459,14.0
RIC,202321,2023,21,Las Vegas Grand Prix,14.0,14.0,12.702548262981788,16.0
ZHO,202321,2023,21,Las Vegas Grand Prix,17.0,15.0,12.964458134983541,17.0
SAR,202321,2023,21,Las Vegas Grand Prix,6.0,16.0,12.28418198758742,15.0
BOT,202321,2023,21,Las Vegas Grand Prix,7.0,17.0,11.897181497719414,12.0
TSU,202321,2023,21,Las Vegas Grand Prix,20.0,18.0,17.591047798404478,20.0
HUL,202321,2023,21,Las Vegas Grand Prix,13.0,19.0,16.332728131622826,19.0
NOR,202321,2023,21,Las Vegas Grand Prix,15.0,20.0,15.496855582883798,18.0
VER,202322,2023,22,Abu Dhabi Grand Prix,1.0,1.0,2.147698568909547,1.0
LEC,202322,2023,22,Abu Dhabi Grand Prix,2.0,2.0,4.537775092062806,2.0
RUS,202322,2023,22,Abu Dhabi Grand Prix,4.0,3.0,6.321329758135908,5.0
PER,202322,2023,22,Abu Dhabi Grand Prix,9.0,4.0,6.053418956983757,4.0
NOR,202322,2023,22,Abu Dhabi Grand Prix,5.0,5.0,7.333136454856093,7.0
PIA,202322,2023,22,Abu Dhabi Grand Prix,3.0,6.0,7.28612184284727,6.0
ALO,202322,2023,22,Abu Dhabi Grand Prix,7.0,7.0,8.37694074586851,8.0
TSU,202322,2023,22,Abu Dhabi Grand Prix,6.0,8.0,12.096384518403177,14.0
HAM,202322,2023,22,Abu Dhabi Grand Prix,11.0,9.0,5.808934522096456,3.0
STR,202322,2023,22,Abu Dhabi Grand Prix,13.0,10.0,10.083214726696875,11.0
RIC,202322,2023,22,Abu Dhabi Grand Prix,15.0,11.0,11.300535225914391,13.0
OCO,202322,2023,22,Abu Dhabi Grand Prix,12.0,12.0,9.66517347970235,10.0
GAS,202322,2023,22,Abu Dhabi Grand Prix,10.0,13.0,8.639064159998663,9.0
ALB,202322,2023,22,Abu Dhabi Grand Prix,14.0,14.0,10.757249817698586,12.0
HUL,202322,2023,22,Abu Dhabi Grand Prix,8.0,15.0,13.43240837159724,17.0
SAR,202322,2023,22,Abu Dhabi Grand Prix,20.0,16.0,13.795384217606756,18.0
ZHO,202322,2023,22,Abu Dhabi Grand Prix,19.0,17.0,13.215903381066314,15.0
SAI,202322,2023,22,Abu Dhabi Grand Prix,16.0,18.0,14.790635989269772,20.0
BOT,202322,2023,22,Abu Dhabi Grand Prix,18.0,19.0,13.26264655485218,16.0
MAG,202322,2023,22,Abu Dhabi Grand Prix,17.0,20.0,14.002134417604127,19.0
VER,202401,2024,1,Bahrain Grand Prix,1.0,1.0,1.5044023929702393,1.0
PER,202401,2024,1,Bahrain Grand Prix,5.0,2.0,3.9063322990207108,3.0
SAI,202401,2024,1,Bahrain Grand Prix,4.0,3.0,4.5962007954583886,5.0
LEC,202401,2024,1,Bahrain Grand Prix,2.0,4.0,3.3781855059486574,2.0
RUS,202401,2024,1,Bahrain Grand Prix,3.0,5.0,4.615073258430474,6.0
NOR,202401,2024,1,Bahrain Grand Prix,7.0,6.0,8.401230271240781,9.0
HAM,202401,2024,1,Bahrain Grand Prix,9.0,7.0,4.5369695287133744,4.0
PIA,202401,2024,1,Bahrain Grand Prix,8.0,8.0,8.887515738213477,10.0
ALO,202401,2024,1,Bahrain Grand Prix,6.0,9.0,6.391133137030471,7.0
STR,202401,2024,1,Bahrain Grand Prix,12.0,10.0,8.126525229818407,8.0
ZHO,202401,2024,1,Bahrain Grand Prix,17.0,11.0,12.451770430503608,18.0
MAG,202401,2024,1,Bahrain Grand Prix,15.0,12.0,13.164753211443623,20.0
RIC,202401,2024,1,Bahrain Grand Prix,14.0,13.0,9.389094193433358,11.0
TSU,202401,2024,1,Bahrain Grand Prix,11.0,14.0,11.027187988304382,15.0
ALB,202401,2024,1,Bahrain Grand Prix,13.0,15.0,10.634019219508893,14.0
HUL,202401,2024,1,Bahrain Grand Prix,10.0,16.0,12.12154762382291,16.0
OCO,202401,2024,1,Bahrain Grand Prix,19.0,17.0,10.077922119977243,12.0
GAS,202401,2024,1,Bahrain Grand Prix,20.0,18.0,10.287921056338615,13.0
BOT,202401,2024,1,Bahrain Grand Prix,16.0,19.0,12.416033517202475,17.0
SAR,202401,2024,1,Bahrain Grand Prix,18.0,20.0,12.941250891867242,19.0
VER,202402,2024,2,Saudi Arabian Grand Prix,1.0,1.0,1.7134811372572116,1.0
PER,202402,2024,2,Saudi Arabian Grand Prix,3.0,2.0,3.162021303756807,2.0
LEC,202402,2024,2,Saudi Arabian Grand Prix,2.0,3.0,3.9902752581600875,3.0
PIA,202402,2024,2,Saudi Arabian Grand Prix,5.0,4.0,7.421776151885781,7.0
ALO,202402,2024,2,Saudi Arabian Grand Prix,4.0,5.0,6.8679925622575215,6.0
RUS,202402,2024,2,Saudi Arabian Grand Prix,7.0,6.0,5.12593780999968,5.0
BEA,202402,2024,2,Saudi Arabian Grand Prix,11.0,7.0,9.155979589680486,9.0
NOR,202402,2024,2,Saudi Arabian Grand Prix,6.0,8.0,7.603378056766135,8.0
HAM,202402,2024,2,Saudi Arabian Grand Prix,8.0,9.0,5.032994875655769,4.0
HUL,202402,2024,2,Saudi Arabian Grand Prix,15.0,10.0,13.32835413908925,16.0
ALB,202402,2024,2,Saudi Arabian Grand Prix,12.0,11.0,12.446878572929643,13.0
MAG,202402,2024,2,Saudi Arabian Grand Prix,13.0,12.0,12.892470317303175,15.0
OCO,202402,2024,2,Saudi Arabian Grand Prix,17.0,13.0,11.457152344060766,11.0
SAR,202402,2024,2,Saudi Arabian Grand Prix,19.0,14.0,10.593754365640947,10.0
TSU,202402,2024,2,Saudi Arabian Grand Prix,9.0,15.0,11.751835628784505,12.0
RIC,202402,2024,2,Saudi Arabian Grand Prix,14.0,16.0,12.732826981464479,14.0
BOT,202402,2024,2,Saudi Arabian Grand Prix,16.0,17.0,14.841897853772345,18.0
ZHO,202402,2024,2,Saudi Arabian Grand Prix,20.0,18.0,13.936551319091684,17.0
STR,202402,2024,2,Saudi Arabian Grand Prix,10.0,19.0,17.26242883938457,20.0
GAS,202402,2024,2,Saudi Arabian Grand Prix,18.0,20.0,16.91401747152551,19.0
SAI,202403,2024,3,Australian Grand Prix,2.0,1.0,4.956856288742238,3.0
LEC,202403,2024,3,Australian Grand Prix,4.0,2.0,3.213181384913603,1.0
NOR,202403,2024,3,Australian Grand Prix,3.0,3.0,6.582376604510965,4.0
PIA,202403,2024,3,Australian Grand Prix,5.0,4.0,7.80762093063022,6.0
PER,202403,2024,3,Australian Grand Prix,6.0,5.0,3.696219319930318,2.0
STR,202403,2024,3,Australian Grand Prix,9.0,6.0,9.415541935005416,7.0
TSU,202403,2024,3,Australian Grand Prix,8.0,7.0,13.387539674103284,12.0
ALO,202403,2024,3,Australian Grand Prix,10.0,8.0,6.772753165044231,5.0
HUL,202403,2024,3,Australian Grand Prix,16.0,9.0,13.161288370159,11.0
MAG,202403,2024,3,Australian Grand Prix,14.0,10.0,14.174278505220178,16.0
ALB,202403,2024,3,Australian Grand Prix,12.0,11.0,13.161070989103779,10.0
RIC,202403,2024,3,Australian Grand Prix,18.0,12.0,14.084817392590884,15.0
GAS,202403,2024,3,Australian Grand Prix,17.0,13.0,11.129492590905512,9.0
BOT,202403,2024,3,Australian Grand Prix,13.0,14.0,15.972427023778863,18.0
ZHO,202403,2024,3,Australian Grand Prix,19.0,15.0,15.787078568182752,17.0
OCO,202403,2024,3,Australian Grand Prix,15.0,16.0,10.293823671251257,8.0
RUS,202403,2024,3,Australian Grand Prix,7.0,17.0,16.105637455169518,19.0
HAM,202403,2024,3,Australian Grand Prix,11.0,18.0,13.916053122526655,13.0
VER,202403,2024,3,Australian Grand Prix,1.0,19.0,14.06798189842518,14.0
VER,202404,2024,4,Japanese Grand Prix,1.0,1.0,5.309429181923102,3.0
PER,202404,2024,4,Japanese Grand Prix,2.0,2.0,2.2531414735733515,1.0
SAI,202404,2024,4,Japanese Grand Prix,4.0,3.0,12.110031831367362,12.0
LEC,202404,2024,4,Japanese Grand Prix,8.0,4.0,5.898196830796535,6.0
NOR,202404,2024,4,Japanese Grand Prix,3.0,5.0,9.101109071009999,8.0
ALO,202404,2024,4,Japanese Grand Prix,5.0,6.0,7.379085054157911,7.0
RUS,202404,2024,4,Japanese Grand Prix,9.0,7.0,5.403796478247564,4.0
PIA,202404,2024,4,Japanese Grand Prix,6.0,8.0,4.680815479887039,2.0
HAM,202404,2024,4,Japanese Grand Prix,7.0,9.0,5.730639458913986,5.0
TSU,202404,2024,4,Japanese Grand Prix,10.0,10.0,11.176814747616577,10.0
HUL,202404,2024,4,Japanese Grand Prix,12.0,11.0,13.978656404738574,16.0
STR,202404,2024,4,Japanese Grand Prix,16.0,12.0,9.941197716398577,9.0
MAG,202404,2024,4,Japanese Grand Prix,18.0,13.0,13.325120890521255,14.0
BOT,202404,2024,4,Japanese Grand Prix,13.0,14.0,14.149147885162618,18.0
OCO,202404,2024,4,Japanese Grand Prix,15.0,15.0,14.194177110204993,19.0
GAS,202404,2024,4,Japanese Grand Prix,17.0,16.0,11.92417676011798,11.0
SAR,202404,2024,4,Japanese Grand Prix,19.0,17.0,14.009314853045026,17.0
ZHO,202404,2024,4,Japanese Grand Prix,20.0,18.0,13.65222580457665,15.0
RIC,202404,2024,4,Japanese Grand Prix,11.0,19.0,12.564235919105242,13.0
ALB,202404,2024,4,Japanese Grand Prix,14.0,20.0,14.33072796741409,20.0
VER,202407,2024,7,Emilia Romagna Grand Prix,1.0,1.0,2.914842742106705,1.0
NOR,202407,2024,7,Emilia Romagna Grand Prix,2.0,2.0,7.076909034179354,7.0
LEC,202407,2024,7,Emilia Romagna Grand Prix,3.0,3.0,5.94440077226639,6.0
PIA,202407,2024,7,Emilia Romagna Grand Prix,5.0,4.0,7.683090954645516,8.0
SAI,202407,2024,7,Emilia Romagna Grand Prix,4.0,5.0,5.49446462210512,4.0
HAM,202407,2024,7,Emilia Romagna Grand Prix,8.0,6.0,5.894654073934205,5.0
RUS,202407,2024,7,Emilia Romagna Grand Prix,6.0,7.0,5.241510596113031,3.0
PER,202407,2024,7,Emilia Romagna Grand Prix,11.0,8.0,4.411312909908716,2.0
STR,202407,2024,7,Emilia Romagna Grand Prix,13.0,9.0,10.99222595735671,9.0
TSU,202407,2024,7,Emilia Romagna Grand Prix,7.0,10.0,12.198357857255901,12.0
HUL,202407,2024,7,Emilia Romagna Grand Prix,10.0,11.0,13.949673245218483,15.0
MAG,202407,2024,7,Emilia Romagna Grand Prix,18.0,12.0,14.562446275046925,18.0
RIC,202407,2024,7,Emilia Romagna Grand Prix,9.0,13.0,12.909499191084693,14.0
OCO,202407,2024,7,Emilia Romagna Grand Prix,12.0,14.0,11.670707830792638,11.0
ZHO,202407,2024,7,Emilia Romagna Grand Prix,17.0,15.0,14.293307778477288,16.0
GAS,202407,2024,7,Emilia Romagna Grand Prix,15.0,16.0,12.623739523205101,13.0
SAR,202407,2024,7,Emilia Romagna Grand Prix,19.0,17.0,15.673656015472364,19.0
BOT,202407,2024,7,Emilia Romagna Grand Prix,16.0,18.0,14.464123496183639,17.0
ALO,202407,2024,7,Emilia Romagna Grand Prix,20.0,19.0,11.414938338038946,10.0
ALB,202407,2024,7,Emilia Romagna Grand Prix,14.0,20.0,16.304471539316935,20.0
LEC,202408,2024,8,Monaco Grand Prix,1.0,1.0,7.561030693268664,2.0
PIA,202408,2024,8,Monaco Grand Prix,2.0,2.0,10.681746860599917,7.0
SAI,202408,2024,8,Monaco Grand Prix,3.0,3.0,6.731381608311918,1.0
NOR,202408,2024,8,Monaco Grand Prix,4.0,4.0,9.69900952100437,6.0
RUS,202408,2024,8,Monaco Grand Prix,5.0,5.0,8.067049326269872,4.0
VER,202408,2024,8,Monaco Grand Prix,6.0,6.0,7.622027722690197,3.0
HAM,202408,2024,8,Monaco Grand Prix,7.0,7.0,8.485157001852299,5.0
TSU,202408,2024,8,Monaco Grand Prix,8.0,8.0,12.187051964575453,10.0
ALB,202408,2024,8,Monaco Grand Prix,9.0,9.0,13.437532864754116,13.0
GAS,202408,2024,8,Monaco Grand Prix,10.0,10.0,12.458924130955019,11.0
ALO,202408,2024,8,Monaco Grand Prix,14.0,11.0,12.182023416140094,9.0
RIC,202408,2024,8,Monaco Grand Prix,12.0,12.0,12.948467331056142,12.0
BOT,202408,2024,8,Monaco Grand Prix,17.0,13.0,14.369442377484434,15.0
STR,202408,2024,8,Monaco Grand Prix,13.0,14.0,11.760057086417076,8.0
SAR,202408,2024,8,Monaco Grand Prix,15.0,15.0,14.537360267361548,17.0
ZHO,202408,2024,8,Monaco Grand Prix,18.0,16.0,14.47759394462983,16.0
OCO,202408,2024,8,Monaco Grand Prix,11.0,17.0,15.48039791516051,20.0
PER,202408,2024,8,Monaco Grand Prix,16.0,18.0,13.509780777765927,14.0
HUL,202408,2024,8,Monaco Grand Prix,19.0,19.0,15.055381926298491,19.0
MAG,202408,2024,8,Monaco Grand Prix,20.0,20.0,14.985971004001303,18.0
VER,202410,2024,10,Spanish Grand Prix,2.0,1.0,1.8071699175929246,1.0
NOR,202410,2024,10,Spanish Grand Prix,1.0,2.0,5.123616612630624,6.0
HAM,202410,2024,10,Spanish Grand Prix,3.0,3.0,4.7444615070789515,4.0
RUS,202410,2024,10,Spanish Grand Prix,4.0,4.0,4.510939607510137,3.0
LEC,202410,2024,10,Spanish Grand Prix,5.0,5.0,4.1441944227033956,2.0
SAI,202410,2024,10,Spanish Grand Prix,6.0,6.0,4.79459483096748,5.0
PIA,202410,2024,10,Spanish Grand Prix,9.0,7.0,7.387338763538731,8.0
PER,202410,2024,10,Spanish Grand Prix,11.0,8.0,5.418893081803057,7.0
GAS,202410,2024,10,Spanish Grand Prix,7.0,9.0,11.099625010205816,11.0
OCO,202410,2024,10,Spanish Grand Prix,8.0,10.0,10.737690937638742,10.0
HUL,202410,2024,10,Spanish Grand Prix,13.0,11.0,13.66064130258063,15.0
ALO,202410,2024,10,Spanish Grand Prix,10.0,12.0,10.089757672129135,9.0
ZHO,202410,2024,10,Spanish Grand Prix,15.0,13.0,14.867046691699688,17.0
STR,202410,2024,10,Spanish Grand Prix,14.0,14.0,11.602107750646262,12.0
RIC,202410,2024,10,Spanish Grand Prix,18.0,15.0,12.983733316169431,14.0
BOT,202410,2024,10,Spanish Grand Prix,12.0,16.0,15.681926719571578,19.0
MAG,202410,2024,10,Spanish Grand Prix,16.0,17.0,14.314128501737995,16.0
ALB,202410,2024,10,Spanish Grand Prix,20.0,18.0,14.919380095438433,18.0
TSU,202410,2024,10,Spanish Grand Prix,17.0,19.0,12.566177242504908,13.0
SAR,202410,2024,10,Spanish Grand Prix,19.0,20.0,16.405102499367718,20.0
PIA,202413,2024,13,Hungarian Grand Prix,2.0,1.0,3.989790486258724,3.0
NOR,202413,2024,13,Hungarian Grand Prix,1.0,2.0,3.618905579787327,2.0
HAM,202413,2024,13,Hungarian Grand Prix,5.0,3.0,4.378160049767231,6.0
LEC,202413,2024,13,Hungarian Grand Prix,6.0,4.0,4.156285483907279,4.0
VER,202413,2024,13,Hungarian Grand Prix,3.0,5.0,1.8909526560242185,1.0
SAI,202413,2024,13,Hungarian Grand Prix,4.0,6.0,4.349621232644896,5.0
PER,202413,2024,13,Hungarian Grand Prix,16.0,7.0,10.119790144435273,9.0
RUS,202413,2024,13,Hungarian Grand Prix,17.0,8.0,8.172399946865907,7.0
TSU,202413,2024,13,Hungarian Grand Prix,10.0,9.0,11.554511408610312,11.0
STR,202413,2024,13,Hungarian Grand Prix,8.0,10.0,9.928083868410528,8.0
ALO,202413,2024,13,Hungarian Grand Prix,7.0,11.0,10.394736780182185,10.0
RIC,202413,2024,13,Hungarian Grand Prix,9.0,12.0,12.190891651792388,12.0
HUL,202413,2024,13,Hungarian Grand Prix,11.0,13.0,12.489573580389367,13.0
ALB,202413,2024,13,Hungarian Grand Prix,13.0,14.0,14.24742528446288,17.0
MAG,202413,2024,13,Hungarian Grand Prix,15.0,15.0,13.899751763048851,16.0
BOT,202413,2024,13,Hungarian Grand Prix,12.0,16.0,13.74201439742181,15.0
SAR,202413,2024,13,Hungarian Grand Prix,14.0,17.0,15.228595035931766,19.0
OCO,202413,2024,13,Hungarian Grand Prix,19.0,18.0,13.272707777073304,14.0
ZHO,202413,2024,13,Hungarian Grand Prix,18.0,19.0,14.737036905355,18.0
GAS,202413,2024,13,Hungarian Grand Prix,20.0,20.0,17.745832592412413,20.0
HAM,202414,2024,14,Belgian Grand Prix,3.0,1.0,6.141691079031899,5.0
PIA,202414,2024,14,Belgian Grand Prix,5.0,2.0,6.503622866217679,6.0
LEC,202414,2024,14,Belgian Grand Prix,1.0,3.0,6.1070735750043115,4.0
VER,202414,2024,14,Belgian Grand Prix,11.0,4.0,2.7339578881121374,1.0
NOR,202414,2024,14,Belgian Grand Prix,4.0,5.0,5.3114397556202775,2.0
SAI,202414,2024,14,Belgian Grand Prix,7.0,6.0,5.7082962734451295,3.0
PER,202414,2024,14,Belgian Grand Prix,2.0,7.0,8.148879232830707,7.0
ALO,202414,2024,14,Belgian Grand Prix,8.0,8.0,9.520655058642976,8.0
OCO,202414,2024,14,Belgian Grand Prix,9.0,9.0,9.815169795575928,9.0
RIC,202414,2024,14,Belgian Grand Prix,13.0,10.0,12.736337374994607,13.0
STR,202414,2024,14,Belgian Grand Prix,15.0,11.0,11.210271473831574,11.0
ALB,202414,2024,14,Belgian Grand Prix,10.0,12.0,12.13625500337649,12.0
GAS,202414,2024,14,Belgian Grand Prix,12.0,13.0,10.941451633546034,10.0
MAG,202414,2024,14,Belgian Grand Prix,17.0,14.0,13.49745783589904,16.0
BOT,202414,2024,14,Belgian Grand Prix,14.0,15.0,14.143558316487072,18.0
TSU,202414,2024,14,Belgian Grand Prix,20.0,16.0,13.208397249254103,15.0
SAR,202414,2024,14,Belgian Grand Prix,18.0,17.0,13.839441804329063,17.0
HUL,202414,2024,14,Belgian Grand Prix,16.0,18.0,12.961703328761082,14.0
ZHO,202414,2024,14,Belgian Grand Prix,19.0,19.0,15.33067829241334,20.0
RUS,202414,2024,14,Belgian Grand Prix,6.0,20.0,14.751799986969838,19.0
NOR,202415,2024,15,Dutch Grand Prix,1.0,1.0,4.035425536391499,2.0
VER,202415,2024,15,Dutch Grand Prix,2.0,2.0,3.318570716940293,1.0
LEC,202415,2024,15,Dutch Grand Prix,6.0,3.0,6.062014389459543,5.0
PIA,202415,2024,15,Dutch Grand Prix,3.0,4.0,5.932334978929376,4.0
SAI,202415,2024,15,Dutch Grand Prix,10.0,5.0,6.947957540431988,8.0
PER,202415,2024,15,Dutch Grand Prix,5.0,6.0,6.689329848718322,7.0
RUS,202415,2024,15,Dutch Grand Prix,4.0,7.0,5.609755363070757,3.0
HAM,202415,2024,15,Dutch Grand Prix,14.0,8.0,6.415206870412756,6.0
GAS,202415,2024,15,Dutch Grand Prix,9.0,9.0,12.517822724242606,12.0
ALO,202415,2024,15,Dutch Grand Prix,7.0,10.0,9.009578998042121,9.0
HUL,202415,2024,15,Dutch Grand Prix,12.0,11.0,13.147642390498307,14.0
RIC,202415,2024,15,Dutch Grand Prix,13.0,12.0,13.518535541360826,15.0
STR,202415,2024,15,Dutch Grand Prix,8.0,13.0,10.729576549652752,10.0
ALB,202415,2024,15,Dutch Grand Prix,19.0,14.0,15.18748454349891,18.0
OCO,202415,2024,15,Dutch Grand Prix,15.0,15.0,12.16166002629363,11.0
SAR,202415,2024,15,Dutch Grand Prix,18.0,16.0,15.158113767231724,17.0
TSU,202415,2024,15,Dutch Grand Prix,11.0,17.0,12.794818685895615,13.0
MAG,202415,2024,15,Dutch Grand Prix,20.0,18.0,14.91253743352621,16.0
BOT,202415,2024,15,Dutch Grand Prix,16.0,19.0,16.20477260104575,20.0
ZHO,202415,2024,15,Dutch Grand Prix,17.0,20.0,16.027189298213948,19.0
LEC,202416,2024,16,Italian Grand Prix,4.0,1.0,4.007312063506034,4.0
PIA,202416,2024,16,Italian Grand Prix,2.0,2.0,3.8165355510897596,3.0
NOR,202416,2024,16,Italian Grand Prix,1.0,3.0,3.8106994138871757,2.0
SAI,202416,2024,16,Italian Grand Prix,5.0,4.0,4.022868503269634,5.0
HAM,202416,2024,16,Italian Grand Prix,6.0,5.0,4.119121825872804,6.0
VER,202416,2024,16,Italian Grand Prix,7.0,6.0,3.0033215912674005,1.0
RUS,202416,2024,16,Italian Grand Prix,3.0,7.0,5.45645238689344,8.0
PER,202416,2024,16,Italian Grand Prix,8.0,8.0,5.120391486903622,7.0
ALB,202416,2024,16,Italian Grand Prix,9.0,9.0,12.260646965791963,13.0
MAG,202416,2024,16,Italian Grand Prix,13.0,10.0,13.467885129048796,16.0
ALO,202416,2024,16,Italian Grand Prix,11.0,11.0,8.036183137174065,9.0
COL,202416,2024,16,Italian Grand Prix,18.0,12.0,12.738150311330275,14.0
RIC,202416,2024,16,Italian Grand Prix,12.0,13.0,13.953942902873301,17.0
OCO,202416,2024,16,Italian Grand Prix,15.0,14.0,11.387513082871845,11.0
GAS,202416,2024,16,Italian Grand Prix,14.0,15.0,11.22290667223392,10.0
BOT,202416,2024,16,Italian Grand Prix,19.0,16.0,15.732246084201545,19.0
HUL,202416,2024,16,Italian Grand Prix,10.0,17.0,12.91080218101784,15.0
ZHO,202416,2024,16,Italian Grand Prix,20.0,18.0,16.11855636092146,20.0
STR,202416,2024,16,Italian Grand Prix,17.0,19.0,11.900288784582534,12.0
TSU,202416,2024,16,Italian Grand Prix,16.0,20.0,15.055344042989871,18.0
PIA,202417,2024,17,Azerbaijan Grand Prix,2.0,1.0,4.4873529828716405,3.0
LEC,202417,2024,17,Azerbaijan Grand Prix,1.0,2.0,4.264030675793863,2.0
RUS,202417,2024,17,Azerbaijan Grand Prix,5.0,3.0,5.257279176494352,4.0
NOR,202417,2024,17,Azerbaijan Grand Prix,15.0,4.0,6.401665554774424,5.0
VER,202417,2024,17,Azerbaijan Grand Prix,6.0,5.0,2.291936998420015,1.0
ALO,202417,2024,17,Azerbaijan Grand Prix,7.0,6.0,7.050723807936237,7.0
ALB,202417,2024,17,Azerbaijan Grand Prix,9.0,7.0,10.551746639801207,9.0
COL,202417,2024,17,Azerbaijan Grand Prix,8.0,8.0,11.23214443435954,11.0
HAM,202417,2024,17,Azerbaijan Grand Prix,19.0,9.0,6.518635892312621,6.0
BEA,202417,2024,17,Azerbaijan Grand Prix,10.0,10.0,9.777665489605111,8.0
HUL,202417,2024,17,Azerbaijan Grand Prix,12.0,11.0,12.711189224864645,14.0
GAS,202417,2024,17,Azerbaijan Grand Prix,18.0,12.0,10.84651447203731,10.0
RIC,202417,2024,17,Azerbaijan Grand Prix,14.0,13.0,12.058258594466075,12.0
ZHO,202417,2024,17,Azerbaijan Grand Prix,17.0,14.0,15.508294635543674,18.0
OCO,202417,2024,17,Azerbaijan Grand Prix,20.0,15.0,12.451187680574913,13.0
BOT,202417,2024,17,Azerbaijan Grand Prix,16.0,16.0,14.981819245202498,16.0
PER,202417,2024,17,Azerbaijan Grand Prix,4.0,17.0,15.256506979948805,17.0
SAI,202417,2024,17,Azerbaijan Grand Prix,3.0,18.0,14.857383537998622,15.0
STR,202417,2024,17,Azerbaijan Grand Prix,13.0,19.0,15.874406924753059,19.0
TSU,202417,2024,17,Azerbaijan Grand Prix,11.0,20.0,16.026010182849557,20.0
NOR,202418,2024,18,Singapore Grand Prix,1.0,1.0,3.335240773753991,2.0
VER,202418,2024,18,Singapore Grand Prix,2.0,2.0,2.40249551710538,1.0
PIA,202418,2024,18,Singapore Grand Prix,5.0,3.0,4.104595387813129,4.0
RUS,202418,2024,18,Singapore Grand Prix,4.0,4.0,5.27919372153919,5.0
LEC,202418,2024,18,Singapore Grand Prix,9.0,5.0,3.6989301631440012,3.0
HAM,202418,2024,18,Singapore Grand Prix,3.0,6.0,5.959895329111758,7.0
SAI,202418,2024,18,Singapore Grand Prix,10.0,7.0,5.919116262722437,6.0
ALO,202418,2024,18,Singapore Grand Prix,7.0,8.0,8.848157964891435,9.0
HUL,202418,2024,18,Singapore Grand Prix,6.0,9.0,11.583428724502161,14.0
PER,202418,2024,18,Singapore Grand Prix,13.0,10.0,6.072141221636303,8.0
COL,202418,2024,18,Singapore Grand Prix,12.0,11.0,11.104884631048686,10.0
TSU,202418,2024,18,Singapore Grand Prix,8.0,12.0,12.276588440687703,15.0
OCO,202418,2024,18,Singapore Grand Prix,15.0,13.0,11.428166545368141,13.0
STR,202418,2024,18,Singapore Grand Prix,17.0,14.0,11.397310307698536,12.0
ZHO,202418,2024,18,Singapore Grand Prix,20.0,15.0,15.97928293691164,19.0
BOT,202418,2024,18,Singapore Grand Prix,19.0,16.0,15.472266274518988,17.0
GAS,202418,2024,18,Singapore Grand Prix,18.0,17.0,11.396925664569222,11.0
RIC,202418,2024,18,Singapore Grand Prix,16.0,18.0,12.680608014217993,16.0
MAG,202418,2024,18,Singapore Grand Prix,14.0,19.0,17.588655950612658,20.0
ALB,202418,2024,18,Singapore Grand Prix,11.0,20.0,15.738959487038061,18.0
SAI,202420,2024,20,Mexico City Grand Prix,1.0,1.0,4.97735794527181,5.0
NOR,202420,2024,20,Mexico City Grand Prix,3.0,2.0,3.655431861787785,1.0
LEC,202420,2024,20,Mexico City Grand Prix,4.0,3.0,4.822442112232306,4.0
HAM,202420,2024,20,Mexico City Grand Prix,6.0,4.0,4.82139292916992,3.0
RUS,202420,2024,20,Mexico City Grand Prix,5.0,5.0,4.428653282711011,2.0
VER,202420,2024,20,Mexico City Grand Prix,2.0,6.0,6.666715446726505,6.0
MAG,202420,2024,20,Mexico City Grand Prix,7.0,7.0,13.005837628884784,14.0
PIA,202420,2024,20,Mexico City Grand Prix,17.0,8.0,8.110233025229114,8.0
HUL,202420,2024,20,Mexico City Grand Prix,10.0,9.0,12.973118078047188,13.0
GAS,202420,2024,20,Mexico City Grand Prix,8.0,10.0,11.484761483717978,10.0
STR,202420,2024,20,Mexico City Grand Prix,14.0,11.0,12.929884655338839,12.0
COL,202420,2024,20,Mexico City Grand Prix,16.0,12.0,12.891208077292784,11.0
OCO,202420,2024,20,Mexico City Grand Prix,0.0,13.0,11.035425836337946,9.0
BOT,202420,2024,20,Mexico City Grand Prix,15.0,14.0,15.214870578768322,16.0
ZHO,202420,2024,20,Mexico City Grand Prix,19.0,15.0,16.726685995977686,18.0
LAW,202420,2024,20,Mexico City Grand Prix,12.0,16.0,13.435129228935944,15.0
PER,202420,2024,20,Mexico City Grand Prix,18.0,17.0,8.049224581895643,7.0
ALO,202420,2024,20,Mexico City Grand Prix,13.0,18.0,17.007174218237584,19.0
ALB,202420,2024,20,Mexico City Grand Prix,9.0,19.0,16.261128304159005,17.0
TSU,202420,2024,20,Mexico City Grand Prix,11.0,20.0,17.671188154804803,20.0
RUS,202422,2024,22,Las Vegas Grand Prix,1.0,1.0,4.117232115680739,4.0
HAM,202422,2024,22,Las Vegas Grand Prix,10.0,2.0,5.005171686665958,6.0
SAI,202422,2024,22,Las Vegas Grand Prix,2.0,3.0,3.9592735801053616,3.0
LEC,202422,2024,22,Las Vegas Grand Prix,4.0,4.0,3.5434120531706794,2.0
VER,202422,2024,22,Las Vegas Grand Prix,5.0,5.0,2.809506015100775,1.0
NOR,202422,2024,22,Las Vegas Grand Prix,6.0,6.0,4.498363478265422,5.0
PIA,202422,2024,22,Las Vegas Grand Prix,8.0,7.0,5.686700040724965,7.0
HUL,202422,2024,22,Las Vegas Grand Prix,9.0,8.0,9.611614957050035,9.0
TSU,202422,2024,22,Las Vegas Grand Prix,7.0,9.0,12.941086077982114,15.0
PER,202422,2024,22,Las Vegas Grand Prix,15.0,10.0,8.988178395764841,8.0
ALO,202422,2024,22,Las Vegas Grand Prix,16.0,11.0,10.874556209051775,10.0
MAG,202422,2024,22,Las Vegas Grand Prix,12.0,12.0,12.50024179851603,14.0
ZHO,202422,2024,22,Las Vegas Grand Prix,13.0,13.0,14.322310154046816,17.0
COL,202422,2024,22,Las Vegas Grand Prix,20.0,14.0,12.387192103280123,13.0
STR,202422,2024,22,Las Vegas Grand Prix,18.0,15.0,12.12333415838045,12.0
LAW,202422,2024,22,Las Vegas Grand Prix,14.0,16.0,13.12004179293171,16.0
OCO,202422,2024,22,Las Vegas Grand Prix,11.0,17.0,10.985666017850438,11.0
BOT,202422,2024,22,Las Vegas Grand Prix,19.0,18.0,14.789891941421407,19.0
ALB,202422,2024,22,Las Vegas Grand Prix,17.0,19.0,16.200062291058938,20.0
GAS,202422,2024,22,Las Vegas Grand Prix,3.0,20.0,14.366574058049292,18.0
NOR,202424,2024,24,Abu Dhabi Grand Prix,1.0,1.0,3.750175064422231,1.0
SAI,202424,2024,24,Abu Dhabi Grand Prix,3.0,2.0,4.966342299877155,3.0
LEC,202424,2024,24,Abu Dhabi Grand Prix,19.0,3.0,6.051048037556023,6.0
HAM,202424,2024,24,Abu Dhabi Grand Prix,16.0,4.0,7.453827221386559,7.0
RUS,202424,2024,24,Abu Dhabi Grand Prix,6.0,5.0,5.041819939429708,4.0
VER,202424,2024,24,Abu Dhabi Grand Prix,4.0,6.0,4.219386357588226,2.0
GAS,202424,2024,24,Abu Dhabi Grand Prix,5.0,7.0,10.768375437364924,10.0
HUL,202424,2024,24,Abu Dhabi Grand Prix,7.0,8.0,9.311308255199833,9.0
ALO,202424,2024,24,Abu Dhabi Grand Prix,8.0,9.0,9.227847738330137,8.0
PIA,202424,2024,24,Abu Dhabi Grand Prix,2.0,10.0,5.3388966091480565,5.0
ALB,202424,2024,24,Abu Dhabi Grand Prix,18.0,11.0,14.271521648171527,15.0
TSU,202424,2024,24,Abu Dhabi Grand Prix,11.0,12.0,12.800882235756127,13.0
ZHO,202424,2024,24,Abu Dhabi Grand Prix,15.0,13.0,14.489899626136339,16.0
STR,202424,2024,24,Abu Dhabi Grand Prix,13.0,14.0,11.808352038139486,11.0
DOO,202424,2024,24,Abu Dhabi Grand Prix,17.0,15.0,12.626462559018282,12.0
MAG,202424,2024,24,Abu Dhabi Grand Prix,14.0,16.0,14.16250982830314,14.0
LAW,202424,2024,24,Abu Dhabi Grand Prix,12.0,17.0,16.149785531613965,19.0
BOT,202424,2024,24,Abu Dhabi Grand Prix,9.0,18.0,15.022961487429907,17.0
COL,202424,2024,24,Abu Dhabi Grand Prix,20.0,19.0,17.190241118958053,20.0
PER,202424,2024,24,Abu Dhabi Grand Prix,10.0,20.0,15.186111416241319,18.0
VER,202503,2025,3,Japanese Grand Prix,1.0,1.0,2.681089796621351,2.0
NOR,202503,2025,3,Japanese Grand Prix,2.0,2.0,2.68073626871708,1.0
PIA,202503,2025,3,Japanese Grand Prix,3.0,3.0,4.792291489543905,4.0
LEC,202503,2025,3,Japanese Grand Prix,4.0,4.0,4.979366887594077,5.0
RUS,202503,2025,3,Japanese Grand Prix,5.0,5.0,4.663222168076419,3.0
ANT,202503,2025,3,Japanese Grand Prix,6.0,6.0,6.594607808769206,7.0
HAM,202503,2025,3,Japanese Grand Prix,8.0,7.0,6.179583840684527,6.0
HAD,202503,2025,3,Japanese Grand Prix,7.0,8.0,7.717301630351786,8.0
ALB,202503,2025,3,Japanese Grand Prix,9.0,9.0,12.435932372402856,15.0
BEA,202503,2025,3,Japanese Grand Prix,10.0,10.0,9.547572688679718,12.0
ALO,202503,2025,3,Japanese Grand Prix,12.0,11.0,10.426761426280668,13.0
TSU,202503,2025,3,Japanese Grand Prix,14.0,12.0,7.991607622061715,9.0
GAS,202503,2025,3,Japanese Grand Prix,11.0,13.0,9.061589560666174,11.0
SAI,202503,2025,3,Japanese Grand Prix,15.0,14.0,8.439056670743883,10.0
DOO,202503,2025,3,Japanese Grand Prix,19.0,15.0,13.985805895393332,18.0
HUL,202503,2025,3,Japanese Grand Prix,16.0,16.0,15.309791085240514,20.0
LAW,202503,2025,3,Japanese Grand Prix,13.0,17.0,11.666471768180358,14.0
OCO,202503,2025,3,Japanese Grand Prix,18.0,18.0,14.413904156000854,19.0
BOR,202503,2025,3,Japanese Grand Prix,17.0,19.0,13.735619391258274,17.0
STR,202503,2025,3,Japanese Grand Prix,20.0,20.0,13.716185526865376,16.0
PIA,202504,2025,4,Bahrain Grand Prix,1.0,1.0,3.3859061145020313,2.0
RUS,202504,2025,4,Bahrain Grand Prix,3.0,2.0,4.408201289412422,5.0
NOR,202504,2025,4,Bahrain Grand Prix,6.0,3.0,4.006875490741649,4.0
LEC,202504,2025,4,Bahrain Grand Prix,2.0,4.0,3.866501139516334,3.0
HAM,202504,2025,4,Bahrain Grand Prix,9.0,5.0,5.755087522677495,7.0
VER,202504,2025,4,Bahrain Grand Prix,7.0,6.0,2.8246030069186596,1.0
GAS,202504,2025,4,Bahrain Grand Prix,4.0,7.0,8.510113380357637,8.0
OCO,202504,2025,4,Bahrain Grand Prix,14.0,8.0,14.742243827031922,18.0
TSU,202504,2025,4,Bahrain Grand Prix,10.0,9.0,8.688165849629527,9.0
BEA,202504,2025,4,Bahrain Grand Prix,20.0,10.0,13.717267446934937,14.0
ANT,202504,2025,4,Bahrain Grand Prix,5.0,11.0,5.597814614706502,6.0
ALB,202504,2025,4,Bahrain Grand Prix,15.0,12.0,14.354858454110746,16.0
HAD,202504,2025,4,Bahrain Grand Prix,12.0,13.0,11.648960631426096,11.0
DOO,202504,2025,4,Bahrain Grand Prix,11.0,14.0,13.345134884696122,12.0
ALO,202504,2025,4,Bahrain Grand Prix,13.0,15.0,11.269799335527024,10.0
LAW,202504,2025,4,Bahrain Grand Prix,17.0,16.0,14.700881923522868,17.0
STR,202504,2025,4,Bahrain Grand Prix,19.0,17.0,13.641836707495772,13.0
BOR,202504,2025,4,Bahrain Grand Prix,18.0,18.0,15.835537657642794,19.0
SAI,202504,2025,4,Bahrain Grand Prix,8.0,19.0,14.12106579111341,15.0
HUL,202504,2025,4,Bahrain Grand Prix,16.0,20.0,16.578318719364276,20.0
PIA,202505,2025,5,Saudi Arabian Grand Prix,2.0,1.0,2.999650939254539,1.0
VER,202505,2025,5,Saudi Arabian Grand Prix,1.0,2.0,3.872589581521839,2.0
LEC,202505,2025,5,Saudi Arabian Grand Prix,4.0,3.0,4.434043747007729,5.0
NOR,202505,2025,5,Saudi Arabian Grand Prix,10.0,4.0,4.10076874992031,4.0
RUS,202505,2025,5,Saudi Arabian Grand Prix,3.0,5.0,3.99705250811435,3.0
ANT,202505,2025,5,Saudi Arabian Grand Prix,5.0,6.0,5.090807740651724,6.0
HAM,202505,2025,5,Saudi Arabian Grand Prix,7.0,7.0,5.357656520018469,7.0
SAI,202505,2025,5,Saudi Arabian Grand Prix,6.0,8.0,8.447978822320817,8.0
ALB,202505,2025,5,Saudi Arabian Grand Prix,11.0,9.0,11.131306324622868,10.0
HAD,202505,2025,5,Saudi Arabian Grand Prix,14.0,10.0,12.56331763213229,12.0
ALO,202505,2025,5,Saudi Arabian Grand Prix,13.0,11.0,10.552819865880776,9.0
LAW,202505,2025,5,Saudi Arabian Grand Prix,12.0,12.0,14.089432616083876,16.0
BEA,202505,2025,5,Saudi Arabian Grand Prix,15.0,13.0,12.272994992793864,11.0
OCO,202505,2025,5,Saudi Arabian Grand Prix,19.0,14.0,13.427562443467144,15.0
HUL,202505,2025,5,Saudi Arabian Grand Prix,18.0,15.0,15.670342545215481,18.0
STR,202505,2025,5,Saudi Arabian Grand Prix,16.0,16.0,13.168154647739865,14.0
DOO,202505,2025,5,Saudi Arabian Grand Prix,17.0,17.0,12.963362258081364,13.0
BOR,202505,2025,5,Saudi Arabian Grand Prix,20.0,18.0,16.74599331099326,20.0
TSU,202505,2025,5,Saudi Arabian Grand Prix,8.0,19.0,15.94064613250783,19.0
GAS,202505,2025,5,Saudi Arabian Grand Prix,9.0,20.0,15.08399592567815,17.0
VER,202507,2025,7,Emilia Romagna Grand Prix,2.0,1.0,2.7796805328759087,2.0
NOR,202507,2025,7,Emilia Romagna Grand Prix,4.0,2.0,3.726161101891899,3.0
PIA,202507,2025,7,Emilia Romagna Grand Prix,1.0,3.0,2.732667770497578,1.0
HAM,202507,2025,7,Emilia Romagna Grand Prix,12.0,4.0,6.57040931280148,6.0
ALB,202507,2025,7,Emilia Romagna Grand Prix,7.0,5.0,11.232892246884044,10.0
LEC,202507,2025,7,Emilia Romagna Grand Prix,11.0,6.0,5.449997018646615,5.0
RUS,202507,2025,7,Emilia Romagna Grand Prix,3.0,7.0,4.197564212895049,4.0
SAI,202507,2025,7,Emilia Romagna Grand Prix,6.0,8.0,10.642705074459403,9.0
HAD,202507,2025,7,Emilia Romagna Grand Prix,9.0,9.0,11.91628504336307,11.0
TSU,202507,2025,7,Emilia Romagna Grand Prix,20.0,10.0,9.898716805427316,8.0
ALO,202507,2025,7,Emilia Romagna Grand Prix,5.0,11.0,9.446267402255222,7.0
HUL,202507,2025,7,Emilia Romagna Grand Prix,17.0,12.0,17.067859574500467,20.0
GAS,202507,2025,7,Emilia Romagna Grand Prix,10.0,13.0,12.552050545512236,13.0
LAW,202507,2025,7,Emilia Romagna Grand Prix,15.0,14.0,13.822864401266026,16.0
STR,202507,2025,7,Emilia Romagna Grand Prix,8.0,15.0,12.478738988856904,12.0
COL,202507,2025,7,Emilia Romagna Grand Prix,16.0,16.0,14.42199607649232,17.0
BEA,202507,2025,7,Emilia Romagna Grand Prix,19.0,17.0,13.44870234041232,15.0
BOR,202507,2025,7,Emilia Romagna Grand Prix,14.0,18.0,15.656210341604794,18.0
ANT,202507,2025,7,Emilia Romagna Grand Prix,13.0,19.0,13.287653425770769,14.0
OCO,202507,2025,7,Emilia Romagna Grand Prix,18.0,20.0,17.033920455301608,19.0
NOR,202508,2025,8,Monaco Grand Prix,1.0,1.0,3.43476318054268,1.0
LEC,202508,2025,8,Monaco Grand Prix,2.0,2.0,3.4673189924587184,2.0
PIA,202508,2025,8,Monaco Grand Prix,3.0,3.0,3.6120672083269505,3.0
VER,202508,2025,8,Monaco Grand Prix,4.0,4.0,4.032797780085334,4.0
HAM,202508,2025,8,Monaco Grand Prix,7.0,5.0,4.8655501332628015,5.0
HAD,202508,2025,8,Monaco Grand Prix,5.0,6.0,11.069565789478114,10.0
OCO,202508,2025,8,Monaco Grand Prix,8.0,7.0,13.526845099482426,13.0
LAW,202508,2025,8,Monaco Grand Prix,9.0,8.0,13.455224213785192,12.0
ALB,202508,2025,8,Monaco Grand Prix,10.0,9.0,10.91908881016333,9.0
SAI,202508,2025,8,Monaco Grand Prix,11.0,10.0,12.373923373323525,11.0
RUS,202508,2025,8,Monaco Grand Prix,14.0,11.0,7.071409102017211,6.0
BEA,202508,2025,8,Monaco Grand Prix,20.0,12.0,15.676081666735895,16.0
COL,202508,2025,8,Monaco Grand Prix,18.0,13.0,14.901567138813329,14.0
BOR,202508,2025,8,Monaco Grand Prix,16.0,14.0,16.317895690280785,19.0
STR,202508,2025,8,Monaco Grand Prix,19.0,15.0,15.024803147121945,15.0
HUL,202508,2025,8,Monaco Grand Prix,13.0,16.0,15.801337449468598,17.0
TSU,202508,2025,8,Monaco Grand Prix,12.0,17.0,9.94515008592449,8.0
ANT,202508,2025,8,Monaco Grand Prix,15.0,18.0,9.237142878528033,7.0
ALO,202508,2025,8,Monaco Grand Prix,6.0,19.0,16.02852785278734,18.0
GAS,202508,2025,8,Monaco Grand Prix,17.0,20.0,16.58511160909913,20.0
PIA,202509,2025,9,Spanish Grand Prix,1.0,1.0,2.4846362047698016,1.0
NOR,202509,2025,9,Spanish Grand Prix,2.0,2.0,2.703700740402912,2.0
LEC,202509,2025,9,Spanish Grand Prix,7.0,3.0,4.958923277396983,5.0
RUS,202509,2025,9,Spanish Grand Prix,4.0,4.0,4.2150109820056,4.0
HUL,202509,2025,9,Spanish Grand Prix,15.0,5.0,14.979490993159871,15.0
HAM,202509,2025,9,Spanish Grand Prix,5.0,6.0,5.037905151860076,6.0
HAD,202509,2025,9,Spanish Grand Prix,9.0,7.0,9.707707838265284,7.0
GAS,202509,2025,9,Spanish Grand Prix,8.0,8.0,11.400342715347804,9.0
ALO,202509,2025,9,Spanish Grand Prix,10.0,9.0,10.84645966839315,8.0
VER,202509,2025,9,Spanish Grand Prix,3.0,10.0,3.0222751293950627,3.0
LAW,202509,2025,9,Spanish Grand Prix,13.0,11.0,11.932342629129858,10.0
BOR,202509,2025,9,Spanish Grand Prix,12.0,12.0,15.002166828676405,17.0
TSU,202509,2025,9,Spanish Grand Prix,19.0,13.0,12.82547722794505,11.0
SAI,202509,2025,9,Spanish Grand Prix,17.0,14.0,13.860003763520044,12.0
COL,202509,2025,9,Spanish Grand Prix,18.0,15.0,14.999480876752246,16.0
OCO,202509,2025,9,Spanish Grand Prix,16.0,16.0,14.934960178194666,14.0
BEA,202509,2025,9,Spanish Grand Prix,14.0,17.0,14.428096311312924,13.0
ANT,202509,2025,9,Spanish Grand Prix,6.0,18.0,15.505336542534524,18.0
ALB,202509,2025,9,Spanish Grand Prix,11.0,19.0,16.67835634693856,19.0
RUS,202510,2025,10,Canadian Grand Prix,1.0,1.0,3.6936186129989363,3.0
VER,202510,2025,10,Canadian Grand Prix,2.0,2.0,3.3994426673341396,1.0
ANT,202510,2025,10,Canadian Grand Prix,4.0,3.0,9.23324022346067,7.0
PIA,202510,2025,10,Canadian Grand Prix,3.0,4.0,3.4109573525618497,2.0
LEC,202510,2025,10,Canadian Grand Prix,8.0,5.0,5.1020227211846585,5.0
HAM,202510,2025,10,Canadian Grand Prix,5.0,6.0,4.996005541085757,4.0
ALO,202510,2025,10,Canadian Grand Prix,6.0,7.0,8.883417093871842,6.0
HUL,202510,2025,10,Canadian Grand Prix,11.0,8.0,13.846030782881309,16.0
OCO,202510,2025,10,Canadian Grand Prix,14.0,9.0,13.263493622958277,13.0
SAI,202510,2025,10,Canadian Grand Prix,16.0,10.0,13.10240278886818,11.0
BEA,202510,2025,10,Canadian Grand Prix,13.0,11.0,13.451748444195498,14.0
TSU,202510,2025,10,Canadian Grand Prix,18.0,12.0,11.93928822235564,9.0
COL,202510,2025,10,Canadian Grand Prix,10.0,13.0,12.907928344974415,10.0
BOR,202510,2025,10,Canadian Grand Prix,15.0,14.0,14.970183797571053,18.0
GAS,202510,2025,10,Canadian Grand Prix,20.0,15.0,13.452320037712974,15.0
HAD,202510,2025,10,Canadian Grand Prix,12.0,16.0,9.610963271637566,8.0
STR,202510,2025,10,Canadian Grand Prix,17.0,17.0,16.163512597165408,20.0
NOR,202510,2025,10,Canadian Grand Prix,7.0,18.0,13.22822086812161,12.0
LAW,202510,2025,10,Canadian Grand Prix,19.0,19.0,14.496983928430838,17.0
ALB,202510,2025,10,Canadian Grand Prix,9.0,20.0,15.642038730566293,19.0
NOR,202511,2025,11,Austrian Grand Prix,1.0,1.0,4.935134605486483,3.0
PIA,202511,2025,11,Austrian Grand Prix,3.0,2.0,4.830704731670593,2.0
LEC,202511,2025,11,Austrian Grand Prix,2.0,3.0,4.969149024964625,5.0
HAM,202511,2025,11,Austrian Grand Prix,4.0,4.0,4.80696536615833,1.0
RUS,202511,2025,11,Austrian Grand Prix,5.0,5.0,4.956547431700989,4.0
LAW,202511,2025,11,Austrian Grand Prix,6.0,6.0,11.071674372485836,6.0
ALO,202511,2025,11,Austrian Grand Prix,11.0,7.0,12.145853293053849,7.0
BOR,202511,2025,11,Austrian Grand Prix,8.0,8.0,13.20597878083408,10.0
HUL,202511,2025,11,Austrian Grand Prix,20.0,9.0,13.974511522731017,13.0
OCO,202511,2025,11,Austrian Grand Prix,17.0,10.0,14.212607880600883,15.0
BEA,202511,2025,11,Austrian Grand Prix,15.0,11.0,14.306772013875309,16.0
HAD,202511,2025,11,Austrian Grand Prix,13.0,12.0,12.98255279641425,9.0
GAS,202511,2025,11,Austrian Grand Prix,10.0,13.0,13.570681844382214,11.0
STR,202511,2025,11,Austrian Grand Prix,16.0,14.0,13.583513641686443,12.0
COL,202511,2025,11,Austrian Grand Prix,14.0,15.0,14.128404640087068,14.0
TSU,202511,2025,11,Austrian Grand Prix,18.0,16.0,12.801444260300194,8.0
ALB,202511,2025,11,Austrian Grand Prix,12.0,17.0,16.77544685823512,19.0
VER,202511,2025,11,Austrian Grand Prix,7.0,18.0,15.550326365759382,17.0
ANT,202511,2025,11,Austrian Grand Prix,9.0,19.0,16.318588396253354,18.0
SAI,202511,2025,11,Austrian Grand Prix,19.0,20.0,17.31783070783585,20.0
NOR,202514,2025,14,Hungarian Grand Prix,3.0,1.0,3.112456410810712,1.0
PIA,202514,2025,14,Hungarian Grand Prix,2.0,2.0,3.423271084103898,2.0
RUS,202514,2025,14,Hungarian Grand Prix,4.0,3.0,4.800739044444356,4.0
LEC,202514,2025,14,Hungarian Grand Prix,1.0,4.0,4.388671480092178,3.0
ALO,202514,2025,14,Hungarian Grand Prix,5.0,5.0,8.408377741246733,7.0
BOR,202514,2025,14,Hungarian Grand Prix,7.0,6.0,13.234968802413807,12.0
STR,202514,2025,14,Hungarian Grand Prix,6.0,7.0,11.432138100918605,9.0
LAW,202514,2025,14,Hungarian Grand Prix,9.0,8.0,11.927753674365489,11.0
VER,202514,2025,14,Hungarian Grand Prix,8.0,9.0,6.322210459341406,6.0
ANT,202514,2025,14,Hungarian Grand Prix,15.0,10.0,10.341865087795622,8.0
HAD,202514,2025,14,Hungarian Grand Prix,10.0,11.0,11.85469070672286,10.0
HAM,202514,2025,14,Hungarian Grand Prix,12.0,12.0,5.180244353482555,5.0
HUL,202514,2025,14,Hungarian Grand Prix,18.0,13.0,13.450615272777755,14.0
SAI,202514,2025,14,Hungarian Grand Prix,13.0,14.0,13.81541945744055,16.0
ALB,202514,2025,14,Hungarian Grand Prix,19.0,15.0,15.33403107147029,19.0
OCO,202514,2025,14,Hungarian Grand Prix,17.0,16.0,14.002628468931675,17.0
TSU,202514,2025,14,Hungarian Grand Prix,20.0,17.0,13.446847144798838,13.0
COL,202514,2025,14,Hungarian Grand Prix,14.0,18.0,14.07712946665471,18.0
GAS,202514,2025,14,Hungarian Grand Prix,16.0,19.0,13.643111268522466,15.0
BEA,202514,2025,14,Hungarian Grand Prix,11.0,20.0,17.732199306008695,20.0
PIA,202515,2025,15,Dutch Grand Prix,1.0,1.0,3.2063544448928156,1.0
VER,202515,2025,15,Dutch Grand Prix,3.0,2.0,5.105425824000852,2.0
HAD,202515,2025,15,Dutch Grand Prix,4.0,3.0,9.981261351077526,5.0
RUS,202515,2025,15,Dutch Grand Prix,5.0,4.0,5.108055801803368,3.0
ALB,202515,2025,15,Dutch Grand Prix,15.0,5.0,14.746282236288572,16.0
BEA,202515,2025,15,Dutch Grand Prix,20.0,6.0,15.02787357889073,18.0
STR,202515,2025,15,Dutch Grand Prix,19.0,7.0,13.66383741276098,10.0
ALO,202515,2025,15,Dutch Grand Prix,10.0,8.0,8.452134980795277,4.0
TSU,202515,2025,15,Dutch Grand Prix,12.0,9.0,11.908894784117125,8.0
OCO,202515,2025,15,Dutch Grand Prix,18.0,10.0,14.789582583149773,17.0
COL,202515,2025,15,Dutch Grand Prix,16.0,11.0,14.71839883898239,15.0
LAW,202515,2025,15,Dutch Grand Prix,8.0,12.0,10.508648590378229,7.0
SAI,202515,2025,15,Dutch Grand Prix,9.0,13.0,13.666976958916516,11.0
HUL,202515,2025,15,Dutch Grand Prix,17.0,14.0,14.310404972827248,14.0
BOR,202515,2025,15,Dutch Grand Prix,13.0,15.0,12.32579292100212,9.0
ANT,202515,2025,15,Dutch Grand Prix,11.0,16.0,10.07972777352966,6.0
GAS,202515,2025,15,Dutch Grand Prix,14.0,17.0,14.150659485445832,13.0
NOR,202515,2025,15,Dutch Grand Prix,2.0,18.0,13.879828494493239,12.0
LEC,202515,2025,15,Dutch Grand Prix,6.0,19.0,15.989265291407612,20.0
HAM,202515,2025,15,Dutch Grand Prix,7.0,20.0,15.234663869648712,19.0
NOR,202516,2025,16,Italian Grand Prix,2.0,2.0,6.985985773539424,3.0
LEC,202516,2025,16,Italian Grand Prix,4.0,4.0,6.086617221915233,2.0
RUS,202516,2025,16,Italian Grand Prix,5.0,5.0,5.765498306749733,1.0
HAM,202516,2025,16,Italian Grand Prix,10.0,6.0,8.030039647401859,4.0
ANT,202516,2025,16,Italian Grand Prix,6.0,9.0,8.974322805687805,5.0
HAD,202516,2025,16,Italian Grand Prix,19.0,10.0,11.400239568132141,6.0
SAI,202516,2025,16,Italian Grand Prix,13.0,11.0,13.573475510720886,10.0
BEA,202516,2025,16,Italian Grand Prix,11.0,12.0,13.983238356980685,11.0
TSU,202516,2025,16,Italian Grand Prix,9.0,13.0,11.981768054792491,7.0
LAW,202516,2025,16,Italian Grand Prix,18.0,14.0,13.32458638817621,9.0
GAS,202516,2025,16,Italian Grand Prix,20.0,16.0,14.5545224467171,12.0
STR,202516,2025,16,Italian Grand Prix,16.0,18.0,12.954150834932337,8.0
ALO,202516,2025,16,Italian Grand Prix,8.0,19.0,16.319574732150887,13.0
VER,202517,2025,17,Azerbaijan Grand Prix,1.0,1.0,4.196467635727457,1.0
RUS,202517,2025,17,Azerbaijan Grand Prix,5.0,2.0,5.474108220152001,2.0
SAI,202517,2025,17,Azerbaijan Grand Prix,2.0,3.0,9.268937853348364,9.0
ANT,202517,2025,17,Azerbaijan Grand Prix,4.0,4.0,6.714741638857497,5.0
LAW,202517,2025,17,Azerbaijan Grand Prix,3.0,5.0,10.424075353149776,11.0
TSU,202517,2025,17,Azerbaijan Grand Prix,6.0,6.0,7.2166444394684905,6.0
NOR,202517,2025,17,Azerbaijan Grand Prix,7.0,7.0,6.238598779185653,3.0
HAM,202517,2025,17,Azerbaijan Grand Prix,12.0,8.0,7.748252718450029,7.0
LEC,202517,2025,17,Azerbaijan Grand Prix,10.0,9.0,6.465832701598226,4.0
HAD,202517,2025,17,Azerbaijan Grand Prix,8.0,10.0,10.363931296314227,10.0
BOR,202517,2025,17,Azerbaijan Grand Prix,13.0,11.0,13.822698748867056,18.0
BEA,202517,2025,17,Azerbaijan Grand Prix,15.0,12.0,12.610435183488296,14.0
ALB,202517,2025,17,Azerbaijan Grand Prix,19.0,13.0,12.750643056705206,15.0
OCO,202517,2025,17,Azerbaijan Grand Prix,20.0,14.0,13.067029794981725,17.0
ALO,202517,2025,17,Azerbaijan Grand Prix,11.0,15.0,8.695262270382491,8.0
HUL,202517,2025,17,Azerbaijan Grand Prix,17.0,16.0,14.474034241873033,19.0
STR,202517,2025,17,Azerbaijan Grand Prix,14.0,17.0,11.064630550786168,12.0
GAS,202517,2025,17,Azerbaijan Grand Prix,18.0,18.0,13.015786441430958,16.0
COL,202517,2025,17,Azerbaijan Grand Prix,16.0,19.0,11.826325100517208,13.0
PIA,202517,2025,17,Azerbaijan Grand Prix,9.0,20.0,14.782633370946078,20.0
RUS,202518,2025,18,Singapore Grand Prix,1.0,1.0,5.04357186745814,2.0
VER,202518,2025,18,Singapore Grand Prix,2.0,2.0,5.029329132373941,1.0
NOR,202518,2025,18,Singapore Grand Prix,5.0,3.0,6.67117360373041,6.0
PIA,202518,2025,18,Singapore Grand Prix,3.0,4.0,5.623683495653133,3.0
ANT,202518,2025,18,Singapore Grand Prix,4.0,5.0,7.045824728000502,7.0
LEC,202518,2025,18,Singapore Grand Prix,7.0,6.0,6.137706319317673,4.0
ALO,202518,2025,18,Singapore Grand Prix,10.0,7.0,11.906876796442015,10.0
HAM,202518,2025,18,Singapore Grand Prix,6.0,8.0,6.158189109158612,5.0
BEA,202518,2025,18,Singapore Grand Prix,9.0,9.0,12.763428529841152,11.0
SAI,202518,2025,18,Singapore Grand Prix,18.0,10.0,12.766050043922668,12.0
HAD,202518,2025,18,Singapore Grand Prix,8.0,11.0,9.638566946695587,9.0
TSU,202518,2025,18,Singapore Grand Prix,13.0,12.0,8.502577342413867,8.0
STR,202518,2025,18,Singapore Grand Prix,15.0,13.0,13.540351848046136,17.0
ALB,202518,2025,18,Singapore Grand Prix,20.0,14.0,13.588726240739721,19.0
LAW,202518,2025,18,Singapore Grand Prix,12.0,15.0,13.081093421789786,15.0
COL,202518,2025,18,Singapore Grand Prix,16.0,16.0,13.00158253892408,13.0
BOR,202518,2025,18,Singapore Grand Prix,14.0,17.0,13.019641519197,14.0
OCO,202518,2025,18,Singapore Grand Prix,17.0,18.0,14.145050572495256,20.0
GAS,202518,2025,18,Singapore Grand Prix,19.0,19.0,13.543654043392289,18.0
HUL,202518,2025,18,Singapore Grand Prix,11.0,20.0,13.538406557056362,16.0
LEC,202520,2025,20,Mexico City Grand Prix,2.0,2.0,5.269166813783436,1.0
PIA,202520,2025,20,Mexico City Grand Prix,7.0,5.0,7.082540787839845,3.0
ANT,202520,2025,20,Mexico City Grand Prix,6.0,6.0,6.259286299689015,2.0
OCO,202520,2025,20,Mexico City Grand Prix,11.0,9.0,13.439811628993004,6.0
BOR,202520,2025,20,Mexico City Grand Prix,16.0,10.0,16.351128037486006,10.0
TSU,202520,2025,20,Mexico City Grand Prix,10.0,11.0,9.793515464396423,4.0
ALB,202520,2025,20,Mexico City Grand Prix,17.0,12.0,14.204471471999772,7.0
HAD,202520,2025,20,Mexico City Grand Prix,8.0,13.0,11.16052207351666,5.0
COL,202520,2025,20,Mexico City Grand Prix,20.0,16.0,15.434590574786913,8.0
ALO,202520,2025,20,Mexico City Grand Prix,14.0,18.0,15.742601303233673,9.0
HUL,202520,2025,20,Mexico City Grand Prix,13.0,19.0,16.814866527661273,11.0
VER,202522,2025,22,Las Vegas Grand Prix,2.0,1.0,4.566811675999974,1.0
RUS,202522,2025,22,Las Vegas Grand Prix,4.0,2.0,5.017568806189816,2.0
ANT,202522,2025,22,Las Vegas Grand Prix,17.0,3.0,7.2740104491296265,4.0
LEC,202522,2025,22,Las Vegas Grand Prix,9.0,4.0,5.783682854307154,3.0
SAI,202522,2025,22,Las Vegas Grand Prix,3.0,5.0,10.658493423804192,7.0
HAD,202522,2025,22,Las Vegas Grand Prix,8.0,6.0,11.623697777004455,9.0
HUL,202522,2025,22,Las Vegas Grand Prix,11.0,7.0,14.171695027736993,14.0
HAM,202522,2025,22,Las Vegas Grand Prix,19.0,8.0,8.873410493933413,5.0
OCO,202522,2025,22,Las Vegas Grand Prix,13.0,9.0,12.30593499701418,11.0
BEA,202522,2025,22,Las Vegas Grand Prix,14.0,10.0,12.427589785361905,12.0
ALO,202522,2025,22,Las Vegas Grand Prix,7.0,11.0,10.032677206254665,6.0
TSU,202522,2025,22,Las Vegas Grand Prix,20.0,12.0,11.0427673604286,8.0
GAS,202522,2025,22,Las Vegas Grand Prix,10.0,13.0,13.946179032100602,13.0
LAW,202522,2025,22,Las Vegas Grand Prix,6.0,14.0,11.780812117235355,10.0
COL,202522,2025,22,Las Vegas Grand Prix,15.0,15.0,14.222464995248478,15.0
ALB,202522,2025,22,Las Vegas Grand Prix,16.0,16.0,17.14834201390825,20.0
BOR,202522,2025,22,Las Vegas Grand Prix,18.0,17.0,16.891455765446917,19.0
STR,202522,2025,22,Las Vegas Grand Prix,12.0,18.0,16.75769049828627,18.0
NOR,202522,2025,22,Las Vegas Grand Prix,1.0,19.0,15.359961503022673,16.0
PIA,202522,2025,22,Las Vegas Grand Prix,5.0,20.0,15.478047469267274,17.0
VER,202524,2025,24,Abu Dhabi Grand Prix,1.0,1.0,5.398500814769852,1.0
NOR,202524,2025,24,Abu Dhabi Grand Prix,2.0,3.0,6.853358817956557,2.0
LEC,202524,2025,24,Abu Dhabi Grand Prix,5.0,4.0,7.359363015132476,4.0
RUS,202524,2025,24,Abu Dhabi Grand Prix,4.0,5.0,6.858647919452956,3.0
HUL,202524,2025,24,Abu Dhabi Grand Prix,18.0,9.0,15.345182243936096,11.0
BOR,202524,2025,24,Abu Dhabi Grand Prix,7.0,11.0,14.692176748354337,10.0
BEA,202524,2025,24,Abu Dhabi Grand Prix,11.0,12.0,12.686496983029093,8.0
SAI,202524,2025,24,Abu Dhabi Grand Prix,12.0,13.0,11.758246989984187,6.0
ANT,202524,2025,24,Abu Dhabi Grand Prix,14.0,15.0,8.175448138100544,5.0
HAD,202524,2025,24,Abu Dhabi Grand Prix,9.0,17.0,12.184483825705428,7.0
COL,202524,2025,24,Abu Dhabi Grand Prix,20.0,20.0,14.671461169999818,9.0
